id,old_lat,old_long,lat,long,km_off,stated,note
135,42.4681795,-92.2183956,46.6865,-123.7329,Inf,"Raymond, WA, USA","moved to Raymond, Washington US"
188,38.5131989,-90.4400578,42.7978,-83.705,Inf,"Fenton, MI, USA","moved to Fenton, Michigan US"
217,41.8927197,-91.1502842,48.2412,-122.3707,Inf,"Stanwood, WA, USA","moved to Stanwood, Washington US"
393,43.2442467,-92.4363401,47.0034,-123.4088,Inf,"Elma, WA, USA","moved to Elma, Washington US"
417,39.6353548,-80.8634332,,,Inf,"Brooklyn, AR, USA",no match: removed from the map
418,39.6353548,-80.8634332,,,Inf,"Brooklyn, AR, USA",no match: removed from the map
478,36.92033,-83.85768,,,Inf,"Cannon, NH, USA",no match: removed from the map
535,33.6601033,-86.8127702,,,500,"Gardendale, LA, USA",no match: removed from the map
671,41.8927197,-91.1502842,48.2412,-122.3707,Inf,"Stanwood, WA, USA","moved to Stanwood, Washington US"
672,41.7571701,-88.3147539,39.7294,-104.8319,Inf,"Aurora, CO, USA","moved to Aurora, Colorado US"
689,33.53232244,131.35029271,,,Inf,"Berthid, CO, USA",no match: removed from the map
723,42.8488865,-92.0970758,47.2032,-122.2404,Inf,"Sumner, WA, USA","moved to Sumner, Washington US"
734,43.4688648,-96.5564327,,,Inf,"Granite, WA, USA",no match: removed from the map
747,41.6097400438086,-86.728424921971,,,Inf,"Laporte, WA, USA",no match: removed from the map
753,33.6009389,-86.9561059,41.4945,-80.3823,Inf,"Adamsville, PA, USA","moved to Adamsville, PA (ZIP code list)"
766,34.8545538830001,-85.504436762,,,500,"Dade County, FL, USA",no match: removed from the map
897,41.5910323,-93.6046655,47.4018,-122.3243,Inf,"Des Moines, WA, USA","moved to Des Moines, Washington US"
899,42.2613645,-94.0685672,46.3237,-117.9724,Inf,"Dayton, WA, USA","moved to Dayton, Washington US"
908,42.8689962511269,-8.24483138673243,,,Inf,"Mergas, GA, USA",no match: removed from the map
921,36.76470741,-77.858985924,,,Inf,"Brunswick County, ND, USA",no match: removed from the map
953,42.5291439,-94.5341421,47.8849,-120.1584,Inf,"Manson, WA, USA","moved to Manson, Washington US"
1163,38.5012267,-75.549924,,,Inf,"Scottsdale, WA, USA",no match: removed from the map
1396,-14.83093,-64.89863,,,Inf,"Trinidad, Trinidad and Tobago",no match: removed from the map
1460,41.7571701,-88.3147539,39.7294,-104.8319,Inf,"Aurora, CO, USA","moved to Aurora, Colorado US"
1473,31.4623929,-89.6614615,,,Inf,"Morris, MI, USA",no match: removed from the map
1521,43.0521942,-92.9485301,47.4851,-117.1208,Inf,"Rockford, WA, USA","moved to Rockford, WA (ZIP code list)"
1615,42.2674367,-94.7336988,,,Inf,"Lake City, WA, USA",no match: removed from the map
2006,41.8927197,-91.1502842,48.2412,-122.3707,Inf,"Stanwood, WA, USA","moved to Stanwood, Washington US"
2101,29.9743803,-93.9923965,39.9614,-105.5108,Inf,"Nederland, CO, USA","moved to Nederland, Colorado US"
2130,43.3436751,-96.0022965,47.1427,-119.827,Inf,"George , WA, USA","moved to George, WA (ZIP code list)"
2215,33.4667139011198,-83.7538063910144,,,500,"Jones/Jasper Co. line, Hwy.15N, MS, USA",no match: removed from the map
2276,30.08615,-94.10135,,,Inf,"Beaumont , MO, USA",no match: removed from the map
2337,41.811108,-87.8232695,40.2247,-105.2714,Inf,"Lyons, CO, USA","moved to Lyons, Colorado US"
2404,38.6053391306306,-76.9085786223799,,,Inf,"Historic St. Charles Riverfront, MO, USA",no match: removed from the map
2495,42.23396,-83.44503,,,500,"Belleville Community College, IL, USA",no match: removed from the map
2704,41.811108,-87.8232695,40.2247,-105.2714,Inf,"Lyons, CO, USA","moved to Lyons, Colorado US"
2710,41.7571701,-88.3147539,39.7294,-104.8319,Inf,"Aurora, CO, USA","moved to Aurora, Colorado US"
2860,42.4733189,-91.7343327,48.5048,-120.1238,Inf,"Winthrop, WA, USA","moved to Winthrop, WA (ZIP code list)"
2894,61.1738690000001,-149.974702,,,500,"Alaska Airlines/Sea-Tac to Anchorage , BC, Canada",no match: removed from the map
2895,40.8126922,-91.1020205,48.4757,-122.3254,Inf,"Burlington, WA, USA","moved to Burlington, Washington US"
2903,37.6650613358528,-98.1279855032504,,,Inf,"Kingsman/Hoover Dam , AZ, USA",no match: removed from the map
2905,41.4854500000001,-75.8569199999999,,,Inf,"Frostbite Falls, MO, USA",no match: removed from the map
2977,41.7571701,-88.3147539,39.7294,-104.8319,Inf,"Aurora, CO, USA","moved to Aurora, Colorado US"
3031,44.4478474,-92.2678663,38.03,-107.3153,Inf,"Lake City, CO, USA","moved to Lake City, Colorado US"
3037,41.7571701,-88.3147539,39.7294,-104.8319,Inf,"Aurora, CO, USA","moved to Aurora, Colorado US"
3057,42.8488865,-92.0970758,47.2032,-122.2404,Inf,"Sumner, WA, USA","moved to Sumner, Washington US"
3149,60.5460800000001,-145.71179,,,Inf,"Pacific Northwest - flying from Portland to L.A., Ca/Or, CA, USA",no match: removed from the map
3220,31.140778,-85.51239899080716,40.0362,-75.5138,Inf,"Malvern, PA, USA","moved to Malvern, Pennsylvania US"
3346,31.65941,-93.00051,,,Inf,"North America, Bermuda, Bermuda",no match: removed from the map
3439,46.0462200000001,9.13774000000006,,,Inf,"1-25 corridor , CO, USA",no match: removed from the map
3443,30.0479950569794,-94.8970599169363,,,Inf,"Liberty Homes , SC, USA",no match: removed from the map
3608,41.8927197,-91.1502842,48.2412,-122.3707,Inf,"Stanwood, WA, USA","moved to Stanwood, Washington US"
4069,35.4697400000001,-115.52889,,,Inf,"Blewett Pass-top of mountain pass, WA, USA",no match: removed from the map
4119,39.0745515,-78.7291837,,,Inf,"Arkansas , AR, USA",no match: removed from the map
4239,40.8088861,-96.7077751,42.4259,-71.304,Inf,"Lincoln, MA, USA","moved to Lincoln, Massachusetts US"
4332,44.9391565,-123.033121,42.5195,-70.8967,Inf,"Salem, MA, USA","moved to Salem, Massachusetts US"
4396,41.5910323,-93.6046655,47.4018,-122.3243,Inf,"Des Moines, WA, USA","moved to Des Moines, Washington US"
4399,38.778825,-90.482805,,,Inf,"National Forest, CO, USA",no match: removed from the map
4589,32.612602,-90.0367512,42.3086,-83.4822,Inf,"Canton, MI, USA","moved to Canton, Michigan US"
4820,31.9946311,-102.1456414,,,Inf,"Westcliff , CO, USA",no match: removed from the map
4969,33.4334328,-96.1653992,39.4165,-105.6173,Inf,"Bailey, CO, USA","moved to Bailey, CO (ZIP code list)"
5099,35.814850032709,-84.2695249357585,,,250,"Louden County, VA, USA",no match: removed from the map
5155,31.8295972,-86.6177517,41.4045,-80.3912,Inf,"Greenville , PA, USA","moved to Greenville, Pennsylvania US"
5211,41.7571701,-88.3147539,39.7294,-104.8319,Inf,"Aurora, CO, USA","moved to Aurora, Colorado US"
5238,32.7573626,-94.3451926,39.3535,-105.7703,Inf,"Jefferson, CO, USA","moved to Jefferson, CO (ZIP code list)"
5273,39.3987031560001,-99.4146191899999,,,Inf,"I-84 exit about 1min off of highway., CT, USA",no match: removed from the map
5336,39.9171270000001,-75.0951459999999,,,500,"Asbury community, NC, USA",no match: removed from the map
5370,32.7573626,-94.3451926,39.3535,-105.7703,Inf,"Jefferson , CO, USA","moved to Jefferson, CO (ZIP code list)"
5418,39.613321,-105.016649,42.538,-71.485,Inf,"Littleton, MA, USA","moved to Littleton, MA (ZIP code list)"
5574,46.1406074,-68.0400222,42.1601,-72.4759,Inf,"Ludlow, MA, USA","moved to Ludlow, Massachusetts US"
5624,44.489743,-92.547737,,,Inf,"Hatcreek Campground , CA, USA",no match: removed from the map
5827,32.6098566,-85.4807825,42.1945,-71.8356,Inf,"Auburn, MA, USA","moved to Auburn, Massachusetts US"
5921,36.7291152,-108.205445,37.7809,-90.4218,Inf,"Farmington, MO, USA","moved to Farmington, Missouri US"
6090,32.7048,-107.93837,,,Inf,"Whitehorse, MT, USA",no match: removed from the map
6127,23.0296000000001,72.5409100000001,,,Inf,"I don't know, MO, USA",no match: removed from the map
6129,36.0301134,-114.9826194,39.882,-104.8885,Inf,"Henderson, CO, USA","moved to Henderson, CO (ZIP code list)"
6366,41.3604966,-93.5613292,47.747,-122.5257,Inf,"Indianola, WA, USA","moved to Indianola, Washington US"
7151,41.9441774,-94.1137041,41.8459,-71.0828,Inf,"Berkley, MA, USA","moved to Berkley, Massachusetts US"
7681,42.4297057,-91.3309112,37.5518,-104.1143,Inf,"Delhi, CO, USA","moved to Delhi, CO (ZIP code list)"
7713,37.9315016,-81.1264898,34.2971,-91.3209,Inf,"DeWitt, AR, USA","moved to Dewitt, AR (ZIP code list)"
7742,41.7893,-77.7640499999999,,,Inf,"VLA Radio Telescope , NM, USA",no match: removed from the map
7807,33.53232244,131.35029271,,,Inf,"unknown, TX, USA",no match: removed from the map
7900,40.6666700000001,-117.66667,,,Inf,"Desert, AR, USA",no match: removed from the map
8012,39.24195,-76.44868,,,Inf,"Edgemere , MI, USA",no match: removed from the map
8108,39.775761,-86.14828559204801,,,Inf,"Massachusetts , MA, USA",no match: removed from the map
8138,39.1085200000001,-76.73517,,,Inf,"Ft Mead, ME, USA",no match: removed from the map
8315,41.2758522,-91.1884349,46.251,-119.9017,Inf,"Grandview, WA, USA","moved to Grandview, Washington US"
8497,42.6444914,-91.4011118,47.2501,-122.2937,Inf,"Edgewood, WA, USA","moved to Edgewood, Washington US"
8508,30.8713577,-88.0482706,,,Inf,"Pennsylvania , PA, USA",no match: removed from the map
8535,38.5124700000001,-90.67483,,,Inf,"Six Flags , NJ, USA",no match: removed from the map
8539,44.9391565,-123.033121,42.5195,-70.8967,Inf,"Salem, MA, USA","moved to Salem, Massachusetts US"
8564,32.9909554,-86.7169293,,,500,"Rocky Mount , LA, USA",no match: removed from the map
8672,33.3590800000001,-97.69452,,,Inf,"Alvord , OR, USA",no match: removed from the map
8685,43.2442467,-92.4363401,47.0034,-123.4088,Inf,"Elma, WA, USA","moved to Elma, Washington US"
8708,43.2239000000001,-76.92207,,,Inf,"See Report..., CO, USA",no match: removed from the map
8730,39.3666687,-101.3768295,41.7601,-70.0828,Inf,"Brewster, MA, USA","moved to Brewster, Massachusetts US"
8740,41.6739117,-91.1584904,46.8218,-123.0962,Inf,"Rochester , WA, USA","moved to Rochester, Washington US"
8761,41.7571701,-88.3147539,39.7294,-104.8319,Inf,"Aurora, CO, USA","moved to Aurora, Colorado US"
9605,42.8488865,-92.0970758,47.2032,-122.2404,Inf,"Sumner, WA, USA","moved to Sumner, Washington US"
9729,39.7686055,-94.8466322,42.1098,-86.48,Inf,"St. Joseph, MI, USA","moved to Saint Joseph, Michigan US"
9760,39.7459468,-75.546589,42.5465,-71.1737,Inf,"Wilmington, MA, USA","moved to Wilmington, Massachusetts US"
10002,28.6738834,-80.8286649,,,Inf,"Wiley, WA, USA",no match: removed from the map
10245,44.7528499,-68.6789218,42.3518,-71.8634,Inf,"Holden, MA, USA","moved to Holden, Massachusetts US"
10301,42.1294712,-80.0852695,40.0503,-105.05,Inf,"Erie, CO, USA","moved to Erie, Colorado US"
10310,46.7207737,-92.1040796,39.9528,-105.1686,Inf,"Superior, CO, USA","moved to Superior, Colorado US"
10400,41.8502821,-90.1877485,47.9562,-122.4177,Inf,"Clinton , WA, USA","moved to Clinton, WA (ZIP code list)"
10926,36.92733,-82.3623699999999,,,Inf,"Rural , MO, USA",no match: removed from the map
11058,33.4956744,-88.4272627,42.856,-82.677,Inf,"Columbus, MI, USA","moved to Columbus, MI (ZIP code list)"
11156,38.8467082,-91.9479586,42.1152,-85.3209,Inf,"Fulton, MI, USA","moved to Fulton, MI (ZIP code list)"
11216,32.3086744,-90.1983063,42.2459,-84.4013,Inf,"Jackson , MI, USA","moved to Jackson, Michigan US"
11362,38.5131989,-90.4400578,42.7978,-83.705,Inf,"Fenton, MI, USA","moved to Fenton, Michigan US"
11412,32.3528055,-90.8777342,42.12,-85.5328,Inf,"Vicksburg, MI, USA","moved to Vicksburg, Michigan US"
11435,32.612602,-90.0367512,42.1584,-71.1448,Inf,"Canton, MA, USA","moved to Canton, Massachusetts US"
11457,47.2481166,-122.312837,35.9325,-86.1785,Inf,"Milton, TN, USA","moved to Milton, TN (ZIP code list)"
11526,37.7274692,-89.216655,39.4022,-107.2112,Inf,"Carbondale, CO, USA","moved to Carbondale, Colorado US"
11703,46.8591880000001,-71.264811,,,250,"Charlesbourg , CA, USA",no match: removed from the map
11919,39.3666687,-101.3768295,41.7601,-70.0828,Inf,"Brewster, MA, USA","moved to Brewster, Massachusetts US"
11920,38.9237244,-75.5777033,47.3895,-118.3563,Inf,"Harrington , WA, USA","moved to Harrington, WA (ZIP code list)"
11927,41.9958439,-92.5790678,46.4525,-122.7445,Inf,"Toledo, WA, USA","moved to Toledo, WA (ZIP code list)"
11944,37.5177,-82.80441,,,Inf,"Eastern border , UT, USA",no match: removed from the map
11946,44.1808948155422,-84.0232155793255,,,Inf,"Prescott , 40 miles north-west of, AZ, USA",no match: removed from the map
11953,32.612602,-90.0367512,42.1584,-71.1448,Inf,"Canton, MA, USA","moved to Canton, Massachusetts US"
12013,29.9743803,-93.9923965,39.9614,-105.5108,Inf,"Nederland, CO, USA","moved to Nederland, Colorado US"
12060,46.7207737,-92.1040796,39.9528,-105.1686,Inf,"Superior, CO, USA","moved to Superior, Colorado US"
12174,39.2756112,-84.7407827,42.7637,-82.7976,500,"New Haven, MI, USA","moved to New Haven, MI (ZIP code list)"
12230,39.100105,-94.5781416,,,Inf,"Kansas City, MI, USA",no match: removed from the map
12352,39.0745515,-78.7291837,,,Inf,"Arkansas , AR, USA",no match: removed from the map
12353,35.13232,-83.02653,,,Inf,"Dobson, MT, USA",no match: removed from the map
12358,38.9942500000001,-104.86375,,,Inf,"Lemoore Naval Air Force Base , CA, USA",no match: removed from the map
12522,39.6103200000001,-86.3374899999999,,,Inf,"Young City , TX, USA",no match: removed from the map
12607,47.7191619,-122.2954939,36.2199,-84.1549,Inf,"Lake City , TN, USA","moved to Lake City, TN (ZIP code list)"
12644,32.3134700000001,-86.4335799999999,,,250,"Cantoma, FL, USA",no match: removed from the map
12768,42.6931500000001,-83.39012,,,Inf,"Waterford/Chislehurst, NJ, USA",no match: removed from the map
12824,34.851354,-82.3984882,39.779,-75.5983,Inf,"Greenville, DE, USA","moved to Greenville, Delaware US"
12876,32.5101354,-87.694453,30.303,-90.972,500,"Prairieville, LA, USA","moved to Prairieville, Louisiana US"
12975,41.6739117,-91.1584904,46.8218,-123.0962,Inf,"Rochester, WA, USA","moved to Rochester, Washington US"
13029,39.2214765,-94.5719748,45.8527,-87.0218,Inf,"Gladstone, MI, USA","moved to Gladstone, Michigan US"
13115,41.85504425,-72.336566923,,,Inf,"Holland County, AR, USA",no match: removed from the map
13193,30.6326942,-97.6772311,38.6901,-75.3855,Inf,"Georgetown, DE, USA","moved to Georgetown, Delaware US"
13210,34.1469416,-118.2478471,39.705,-104.9336,Inf,"Glendale , CO, USA","moved to Glendale, Colorado US"
13288,30.8666200000001,-87.32141,,,Inf,"Ice House Campground , CA, USA",no match: removed from the map
13322,43.3436751,-96.0022965,47.1427,-119.827,Inf,"George, WA, USA","moved to George, WA (ZIP code list)"
13373,43.7964450376092,-123.04363989413,,,250,"Cottage Grove, WA, USA",no match: removed from the map
13402,31.9776478,-87.1305419,,,500,"Darlington, LA, USA",no match: removed from the map
13458,37.7532906908987,-122.408221148052,,,Inf,"New York/San Francisco , NY, USA",no match: removed from the map
13528,33.1397000000001,-86.75397,,,Inf,"Pasquag, RI, USA",no match: removed from the map
13867,45.52268,-122.99044,,,Inf,"Hillsboro, NJ, USA",no match: removed from the map
14010,32.3086744,-90.1983063,42.2459,-84.4013,Inf,"Jackson, MI, USA","moved to Jackson, Michigan US"
14011,39.351321,-120.22979,,,500,"Trout Creek Recreation, OR, USA",no match: removed from the map
14131,38.7919683,-90.3227803,38.8478,-105.3069,Inf,"Florissant, CO, USA","moved to Florissant, CO (ZIP code list)"
14331,41.7313887,-92.2979429,38.7044,-105.0897,Inf,"Victor, CO, USA","moved to Victor, CO (ZIP code list)"
14421,32.612602,-90.0367512,42.3086,-83.4822,Inf,"Canton, MI, USA","moved to Canton, Michigan US"
14582,36.4920085,-121.47843967541506,30.2385,-90.9201,Inf,"Gonzales, LA, USA","moved to Gonzales, Louisiana US"
14590,41.0100169,-92.2237915,40.121,-106.9193,Inf,"Yampa, CO, USA","moved to Yampa, CO (ZIP code list)"
14628,39.4862777,-75.0254256,,,Inf,"Vineland, CO, USA",no match: removed from the map
14694,-10.5865299999999,17.56514,28.4964,34.5146,Inf,"Dahab , Egypt",moved to where 1 other report(s) for this place are
14701,45.3406200000001,-123.18787,,,Inf,"Yamhill, PA, USA",no match: removed from the map
14728,36.8175665,-94.0882656,44.7193,-84.0002,Inf,"Fairview, MI, USA","moved to Fairview, MI (ZIP code list)"
14875,42.6444914,-91.4011118,47.2501,-122.2937,Inf,"Edgewood, WA, USA","moved to Edgewood, Washington US"
14996,12.1845,-68.6607922625,,,Inf,"Netherlands, Netherlands",no match: removed from the map
15019,32.3086744,-90.1983063,42.2459,-84.4013,Inf,"Jackson, MI, USA","moved to Jackson, Michigan US"
15022,45.2141249,-112.6346079,39.6069,-105.9409,Inf,"Dillon, CO, USA","moved to Dillon, CO (ZIP code list)"
15040,34.0629226,-118.2728204,30.2421,-93.2507,Inf,"Westlake, LA, USA","moved to Westlake, Louisiana US"
15062,37.5482697,-121.988571,43.4675,-85.942,Inf,"Fremont, MI, USA","moved to Fremont, Michigan US"
15408,39.7686055,-94.8466322,42.1098,-86.48,Inf,"St. Joseph, MI, USA","moved to Saint Joseph, Michigan US"
15418,37.6406900000001,-118.97478,,,Inf,"Meridien, CT, USA",no match: removed from the map
15445,36.97427437,140.19501972,,,Inf,"Unknown, AZ, USA",no match: removed from the map
15488,39.131397,-94.0707787,42.1606,-84.2461,Inf,"Napoleon, MI, USA","moved to Napoleon, Michigan US"
15516,46.4985528,-92.2879727,42.0609,-71.2355,Inf,"Foxboro, MA, USA","moved to Foxboro, MA (ZIP code list)"
15625,33.6489948,-85.5874584,32.4359,-93.2925,Inf,"Heflin, LA, USA","moved to Heflin, LA (ZIP code list)"
15643,46.8107645,-90.8182329,37.2256,-107.5981,Inf,"Bayfield, CO, USA","moved to Bayfield, Colorado US"
15644,39.7155902,-87.9325327,,,Inf,"Brocton, MA, USA",no match: removed from the map
15771,26.266425,-98.2199419999999,,,Inf,"Luka, IL, USA",no match: removed from the map
15793,32.3086744,-90.1983063,42.2459,-84.4013,Inf,"Jackson, MI, USA","moved to Jackson, Michigan US"
15806,42.6444914,-91.4011118,47.2501,-122.2937,Inf,"Edgewood, WA, USA","moved to Edgewood, Washington US"
15865,32.612602,-90.0367512,42.3086,-83.4822,Inf,"Canton, MI, USA","moved to Canton, Michigan US"
15894,29.9743803,-93.9923965,39.9614,-105.5108,Inf,"Nederland, CO, USA","moved to Nederland, Colorado US"
15939,41.7571701,-88.3147539,39.7294,-104.8319,Inf,"Aurora, CO, USA","moved to Aurora, Colorado US"
15951,31.44953845,-86.95675139521086,39.6333,-105.3172,Inf,"Evergreen, CO, USA","moved to Evergreen, Colorado US"
16068,40.838926,-89.8864976,42.1229,-72.2009,Inf,"Brimfield, MA, USA","moved to Brimfield, Massachusetts US"
16070,42.6444914,-91.4011118,47.2501,-122.2937,Inf,"Edgewood, WA, USA","moved to Edgewood, Washington US"
16485,46.4985528,-92.2879727,42.0609,-71.2355,Inf,"Foxboro, MA, USA","moved to Foxboro, MA (ZIP code list)"
16559,39.6214707,-79.7047741,37.7239,-77.7125,250,"Rockville, VA, USA","moved to Rockville, VA (ZIP code list)"
16607,48.9420623,-122.3421026,36.2531,-82.1704,Inf,"Hampton, TN, USA","moved to Hampton, TN (ZIP code list)"
16617,37.4703117,-96.2636066,38.48,-105.8166,Inf,"Howard, CO, USA","moved to Howard, CO (ZIP code list)"
16623,33.53232244,131.35029271,,,Inf,"unknown, TX, USA",no match: removed from the map
16821,46.7726059,-122.2659448,35.2022,-84.5164,Inf,"Reliance, TN, USA","moved to Reliance, TN (ZIP code list)"
16989,40.2172750513067,-76.0789538536364,,,Inf,"Denver  on Interstate 76, CO, USA",no match: removed from the map
17232,38.7478279,-90.2114995,42.1742,-83.1794,500,"Riverview, MI, USA","moved to Riverview, Michigan US"
17310,38.5471327,-122.8163802,40.4775,-104.9014,Inf,"Windsor, CO, USA","moved to Windsor, Colorado US"
17350,34.9155900000001,-85.10903,,,500,"Ringgold, FL, USA",no match: removed from the map
17387,42.5507101,-94.6851473,46.4749,-117.6027,Inf,"Pomeroy, WA, USA","moved to Pomeroy, Washington US"
17424,32.3086744,-90.1983063,42.2459,-84.4013,Inf,"Jackson, MI, USA","moved to Jackson, Michigan US"
17495,40.6639916,-74.2107006,39.3603,-104.5969,Inf,"Elizabeth, CO, USA","moved to Elizabeth, Colorado US"
17521,29.9743803,-93.9923965,39.9614,-105.5108,Inf,"Nederland, CO, USA","moved to Nederland, Colorado US"
17573,31.8295972,-86.6177517,41.4045,-80.3912,Inf,"Greenville, PA, USA","moved to Greenville, Pennsylvania US"
17716,31.2928122,-85.1115416,32.1052,-92.0779,500,"Columbia, LA, USA","moved to Columbia, Louisiana US"
17751,-17.4163799999999,-66.15871,43.3247,21.9033,Inf,"Nis , Yugoslavia","moved to Nis, Central Serbia RS"
17759,39.613321,-105.016649,42.538,-71.485,Inf,"Littleton , MA, USA","moved to Littleton, MA (ZIP code list)"
17816,37.1968298,-93.2946576,42.3264,-85.2392,Inf,"Springfield, MI, USA","moved to Springfield, Michigan US"
17833,41.2364972,-95.4212061,45.7254,-121.8192,Inf,"Carson, WA, USA","moved to Carson, Washington US"
17908,8.19583000000006,-64.5038,45.5067,19.2611,Inf,"Odzaci , Yugoslavia","moved to Odzaci, Autonomna Pokrajina Vojvodina RS"
17909,41.6739117,-91.1584904,46.8218,-123.0962,Inf,"Rochester, WA, USA","moved to Rochester, Washington US"
17920,39.7459468,-75.546589,42.5465,-71.1737,Inf,"Wilmington, MA, USA","moved to Wilmington, Massachusetts US"
17970,37.8189967,-121.9148382,,,Inf,"Blackhawk , CO, USA",no match: removed from the map
18003,38.661953,-90.5643258,42.6753,-82.7956,500,"Chesterfield, MI, USA","moved to Chesterfield, MI (ZIP code list)"
18086,33.6337155,-86.8794379,30.5757,-90.9532,500,"Watson, LA, USA","moved to Watson, Louisiana US"
18137,32.3190398,-84.5171411,38.8422,-106.1311,Inf,"Buena Vista, CO, USA","moved to Buena Vista, Colorado US"
18378,39.8063247,-76.9842735,42.1132,-70.812,Inf,"Hanover, MA, USA","moved to Hanover, Massachusetts US"
18424,32.7573626,-94.3451926,39.3535,-105.7703,Inf,"Jefferson , CO, USA","moved to Jefferson, CO (ZIP code list)"
18497,41.7571701,-88.3147539,39.7294,-104.8319,Inf,"Aurora, CO, USA","moved to Aurora, Colorado US"
18514,48.9420623,-122.3421026,36.2531,-82.1704,Inf,"Hampton, TN, USA","moved to Hampton, TN (ZIP code list)"
18638,39.4424500000001,-83.9136999999999,,,Inf,"Ogden/Clinton, UT, USA",no match: removed from the map
18644,42.4733189,-91.7343327,48.5048,-120.1238,Inf,"Winthrop, WA, USA","moved to Winthrop, WA (ZIP code list)"
18758,32.612602,-90.0367512,42.1584,-71.1448,Inf,"Canton, MA, USA","moved to Canton, Massachusetts US"
18895,33.8501200000001,-88.4504899999999,,,Inf,"none, NV, USA",no match: removed from the map
18950,42.2630572,-92.691692,47.8411,-118.4378,Inf,"Lincoln, WA, USA","moved to Lincoln, WA (ZIP code list)"
19188,42.8488865,-92.0970758,47.2032,-122.2404,Inf,"Sumner, WA, USA","moved to Sumner, Washington US"
19195,34.715377,-89.6520283,42.7495,-83.272,Inf,"Orion, MI, USA","moved to Orion, MI (ZIP code list)"
19310,40.6131203,-80.5628478,37.3568,-77.4416,250,"Chester, VA, USA","moved to Chester, Virginia US"
19316,52.37273,4.89837000000006,,,Inf,"Don't remember, NH, USA",no match: removed from the map
19727,39.7459468,-75.546589,42.5465,-71.1737,Inf,"Wilmington, MA, USA","moved to Wilmington, Massachusetts US"
19762,38.5471327,-122.8163802,40.4775,-104.9014,Inf,"Windsor, CO, USA","moved to Windsor, Colorado US"
19856,31.140778,-85.51239899080716,40.0362,-75.5138,Inf,"Malvern, PA, USA","moved to Malvern, Pennsylvania US"
19862,39.4260015,-123.727236,37.6541,-106.6026,Inf,"South Fork, CO, USA","moved to South Fork, CO (ZIP code list)"
20496,41.7571701,-88.3147539,39.7294,-104.8319,Inf,"Aurora, CO, USA","moved to Aurora, Colorado US"
20505,42.1264859,-93.9685535,39.945,-105.8172,Inf,"Fraser, CO, USA","moved to Fraser, Colorado US"
20511,42.3420595,-92.6747299,39.6027,-105.208,Inf,"Morrison, CO, USA","moved to Morrison, CO (ZIP code list)"
20516,33.53232244,131.35029271,,,Inf,"unknown, NH, USA",no match: removed from the map
20565,36.4920085,-121.47843967541506,30.2385,-90.9201,Inf,"Gonzales, LA, USA","moved to Gonzales, Louisiana US"
20574,41.7571701,-88.3147539,39.7294,-104.8319,Inf,"Aurora, CO, USA","moved to Aurora, Colorado US"
20639,33.0555687,-96.6220692,39.5186,-104.7614,Inf,"Parker , CO, USA","moved to Parker, Colorado US"
20734,34.1362075,-118.0401497,32.549,-92.9202,Inf,"Arcadia, LA, USA","moved to Arcadia, Louisiana US"
20799,38.5471327,-122.8163802,40.4775,-104.9014,Inf,"Windsor, CO, USA","moved to Windsor, Colorado US"
20800,38.5471327,-122.8163802,40.4775,-104.9014,Inf,"Windsor, CO, USA","moved to Windsor, Colorado US"
20879,32.6098566,-85.4807825,42.1945,-71.8356,Inf,"Auburn, MA, USA","moved to Auburn, Massachusetts US"
21011,38.0667788,-80.9662087,38.9297,-105.1672,Inf,"Divide, CO, USA","moved to Divide, CO (ZIP code list)"
21107,41.269916631467,-111.968762673242,,,Inf,"Pine City, MS, USA",no match: removed from the map
21443,42.089873275006,-79.2528127886332,,,Inf,"Jamestown (Adam's Farm) dist., NC, USA",no match: removed from the map
21511,41.7227949,-91.424885,,,Inf,"Elmira, WA, USA",no match: removed from the map
21620,38.8070579,-75.5913153,32.4326,-93.9799,Inf,"Greenwood, LA, USA","moved to Greenwood, LA (ZIP code list)"
21812,40.5508222,-94.8194151,42.6164,-85.7805,Inf,"Hopkins, MI, USA","moved to Hopkins, MI (ZIP code list)"
21877,36.1143660000001,-115.196206,,,Inf,"unknown, KS, USA",no match: removed from the map
21949,34.59451,-106.03591507635866,37.305,-93.4285,Inf,"Willard, MO, USA","moved to Willard, Missouri US"
22047,37.6820583,-121.768053,40.8363,-105.4292,Inf,"Livermore, CO, USA","moved to Livermore, CO (ZIP code list)"
22084,25.7838458539088,-97.5079794214496,,,Inf,"Atlantic Ocean , Bermuda",no match: removed from the map
22148,49.4769400000001,-2.60193999999996,,,250,"Cobo Bay , United Kingdom",no match: removed from the map
22253,43.0699663,-94.233019,47.279,-122.2521,Inf,"Algona, WA, USA","moved to Algona, Washington US"
22390,46.8107645,-90.8182329,37.2256,-107.5981,Inf,"Bayfield, CO, USA","moved to Bayfield, Colorado US"
22400,32.570048,-80.215872,,,Inf,"Atlantic Ocean , Israel",no match: removed from the map
22635,38.7946252,-90.519829,,,500,"St.Charles, MI, USA",no match: removed from the map
22666,35.1982,-111.6513,,,250,"Flagstaff , NV, USA",no match: removed from the map
22934,34.1008426,-117.7678355,,,Inf,"La Verne, CO, USA",no match: removed from the map
22937,41.8927197,-91.1502842,48.2412,-122.3707,Inf,"Stanwood, WA, USA","moved to Stanwood, Washington US"
23019,42.3420595,-92.6747299,39.6027,-105.208,Inf,"Morrison, CO, USA","moved to Morrison, CO (ZIP code list)"
23094,33.5217287673209,-86.7212641450859,,,Inf,"Birmingham, TX, USA",no match: removed from the map
23131,35.284595037943,-93.181329892567,,,Inf,"Russellville/Dover, AZ, USA",no match: removed from the map
23559,42.8488865,-92.0970758,47.2032,-122.2404,Inf,"Sumner, WA, USA","moved to Sumner, Washington US"
23600,44.81625,-70.21815,,,Inf,"Strong, OH, USA",no match: removed from the map
23657,37.5963232,-122.0816297,42.0667,-85.1361,Inf,"Union City, MI, USA","moved to Union City, Michigan US"
23719,39.7222183,-94.641625,,,Inf,"Easton, MI, USA",no match: removed from the map
23773,33.4334328,-96.1653992,39.4165,-105.6173,Inf,"Bailey, CO, USA","moved to Bailey, CO (ZIP code list)"
23905,8.19583000000006,-64.5038,45.3836,20.3819,Inf,"Zrenjanin , Yugoslavia","moved to Zrenjanin, Autonomna Pokrajina Vojvodina RS"
23994,33.8501200000001,-88.4504899999999,,,Inf,"None, CO, USA",no match: removed from the map
24084,39.158168,-75.5243682,42.2459,-71.2828,500,"Dover, MA, USA","moved to Dover, Massachusetts US"
24106,41.6777241,-93.2452335,46.8802,-117.3644,Inf,"Colfax, WA, USA","moved to Colfax, Washington US"
24190,41.9988889,-92.1979353,39.5994,-105.9872,Inf,"Keystone, CO, USA","moved to Keystone, Colorado US"
24209,41.7571701,-88.3147539,39.7294,-104.8319,Inf,"Aurora, CO, USA","moved to Aurora, Colorado US"
24376,41.6739117,-91.1584904,46.8218,-123.0962,Inf,"Rochester, WA, USA","moved to Rochester, Washington US"
24390,32.3086744,-90.1983063,42.2459,-84.4013,Inf,"Jackson, MI, USA","moved to Jackson, Michigan US"
24430,32.3190398,-84.5171411,38.8422,-106.1311,Inf,"Buena Vista , CO, USA","moved to Buena Vista, Colorado US"
24446,26.461690034001,-80.0595299154797,,,Inf,"Atlantic Ocean , FL, Bahamas",no match: removed from the map
24458,32.7558392,-98.9032554,39.4817,-106.0383,Inf,"Breckenridge, CO, USA","moved to Breckenridge, Colorado US"
24495,-17.4163799999999,-66.15871,,,Inf,"Kac , Yugoslavia",no match: removed from the map
24503,36.0956918,-79.4377991,42.5048,-71.1956,Inf,"Burlington, MA, USA","moved to Burlington, Massachusetts US"
24588,41.8927197,-91.1502842,48.2412,-122.3707,Inf,"Stanwood, WA, USA","moved to Stanwood, Washington US"
24617,47.2393200000001,-124.21349,,,250,"Moclips, OR, USA",no match: removed from the map
24782,43.2442467,-92.4363401,47.0034,-123.4088,Inf,"Elma, WA, USA","moved to Elma, Washington US"
24823,33.585888,-86.00350972096774,42.1168,-71.8648,Inf,"Oxford, MA, USA","moved to Oxford, Massachusetts US"
24840,42.9782803,-94.738027,48.8794,-118.6042,Inf,"Curlew, WA, USA","moved to Curlew, WA (ZIP code list)"
24885,32.6098566,-85.4807825,40.593,-76.1273,Inf,"Auburn, PA, USA","moved to Auburn, PA (ZIP code list)"
24898,32.612602,-90.0367512,42.3086,-83.4822,Inf,"Canton, MI, USA","moved to Canton, Michigan US"
24952,32.3086744,-90.1983063,42.2459,-84.4013,Inf,"Jackson, MI, USA","moved to Jackson, Michigan US"
24989,43.3638100000001,-92.5550699999999,,,Inf,"Riceville, FL, USA",no match: removed from the map
25010,28.3666700000001,-110.56667,,,500,"Sonisidro , CA, USA",no match: removed from the map
25334,37.0942194,-92.4918328,42.6621,-82.9205,Inf,"Macomb, MI, USA","moved to Macomb, MI (ZIP code list)"
25349,42.8488865,-92.0970758,47.2032,-122.2404,Inf,"Sumner, WA, USA","moved to Sumner, Washington US"
25397,40.6639916,-74.2107006,39.3603,-104.5969,Inf,"Elizabeth, CO, USA","moved to Elizabeth, Colorado US"
25491,33.8501200000001,-88.4504899999999,,,Inf,"none, AZ, USA",no match: removed from the map
25534,42.1264859,-93.9685535,39.945,-105.8172,Inf,"Fraser, CO, USA","moved to Fraser, Colorado US"
25674,33.4342755,-86.9472148,42.3488,-71.1551,Inf,"Brighton, MA, USA","moved to Brighton, MA (ZIP code list)"
25711,30.8713577,-88.0482706,,,Inf,"Pennsylvania, PA, USA",no match: removed from the map
25739,41.7571701,-88.3147539,39.7294,-104.8319,Inf,"Aurora, CO, USA","moved to Aurora, Colorado US"
25755,31.75687,34.98925,,,Inf,"Japan, Japan",no match: removed from the map
25764,-17.4163799999999,-66.15871,45.1167,21.3036,Inf,"Vrsac , Yugoslavia","moved to Vrsac, Autonomna Pokrajina Vojvodina RS"
25841,42.9782803,-94.738027,48.8794,-118.6042,Inf,"Curlew, WA, USA","moved to Curlew, WA (ZIP code list)"
25865,39.2832653336503,-76.5847104304766,,,Inf,"Chaco Canyon National Historic Park, NM, USA",no match: removed from the map
25977,40.4862900000001,-120.47411,,,Inf,"Crossing California into Arizona, AZ, USA",no match: removed from the map
26135,37.0942194,-92.4918328,42.6621,-82.9205,Inf,"Macomb, MI, USA","moved to Macomb, MI (ZIP code list)"
26168,32.3086744,-90.1983063,42.2459,-84.4013,Inf,"Jackson, MI, USA","moved to Jackson, Michigan US"
26227,32.3086744,-90.1983063,42.2459,-84.4013,Inf,"Jackson, MI, USA","moved to Jackson, Michigan US"
26278,38.24735,-76.59774,,,Inf,"West Elk Wilderness Area, CO, USA",no match: removed from the map
26299,21.467964000000002,-71.13872175290959,,,Inf,"Turks , Turks and Caicos Islands",no match: removed from the map
26340,41.7571701,-88.3147539,39.7294,-104.8319,Inf,"Aurora, CO, USA","moved to Aurora, Colorado US"
26354,33.585888,-86.00350972096774,42.1168,-71.8648,Inf,"Oxford, MA, USA","moved to Oxford, Massachusetts US"
26409,17.7647045676248,-64.7629331374045,,,Inf,"Hwy 80 , PA, USA",no match: removed from the map
26469,37.0942194,-92.4918328,42.6621,-82.9205,Inf,"Macomb, MI, USA","moved to Macomb, MI (ZIP code list)"
26528,45.287448,-69.501572,42.1043,-72.319,Inf,"Monson, MA, USA","moved to Monson, Massachusetts US"
26532,45.287448,-69.501572,42.1043,-72.319,Inf,"Monson, MA, USA","moved to Monson, Massachusetts US"
26700,38.7478279,-90.2114995,42.1742,-83.1794,500,"Riverview, MI, USA","moved to Riverview, Michigan US"
26704,35.5228433,-97.3772618,42.244,-71.9923,Inf,"Spencer, MA, USA","moved to Spencer, Massachusetts US"
26707,38.7478279,-90.2114995,42.1742,-83.1794,500,"Riverview, MI, USA","moved to Riverview, Michigan US"
26798,38.22866,-87.79058,,,Inf,"Egg Harbor, WY, USA",no match: removed from the map
26850,30.113819,-98.3052944,,,Inf,"Payton, CO, USA",no match: removed from the map
26888,39.0859638014824,-92.0848717830182,,,Inf,"Highway , Mexico",no match: removed from the map
26962,18.05136,-66.4797,,,Inf,"Morroco , IN, USA",no match: removed from the map
27104,15.8828005323149,104.91368575083,,,Inf,"na, WA, USA",no match: removed from the map
27136,36.1143660000001,-115.196206,,,Inf,"unknown, KS, USA",no match: removed from the map
27190,38.24735,-76.59774,,,250,"Wilderness , WV, USA",no match: removed from the map
27420,44.819314,-119.4211007,39.0917,-104.8728,Inf,"Monument, CO, USA","moved to Monument, Colorado US"
27683,39.6441742,-94.0385518,43.3989,-83.1947,Inf,"Kingston, MI, USA","moved to Kingston, MI (ZIP code list)"
27703,41.7571701,-88.3147539,39.7294,-104.8319,Inf,"Aurora, CO, USA","moved to Aurora, Colorado US"
27785,28.5421109,-81.3790304,,,Inf,"Orlando, DE, USA",no match: removed from the map
27923,34.0629226,-118.2728204,30.2421,-93.2507,Inf,"Westlake, LA, USA","moved to Westlake, Louisiana US"
27994,33.1162568,-107.2933602,38.8886,-91.7233,Inf,"Williamsburg, MO, USA","moved to Williamsburg, MO (ZIP code list)"
28011,34.0629226,-118.2728204,30.2421,-93.2507,Inf,"Westlake, LA, USA","moved to Westlake, Louisiana US"
28193,47.5348778,-122.0432974,35.4026,-84.4601,Inf,"Englewood, TN, USA","moved to Englewood, TN (ZIP code list)"
28271,41.8927197,-91.1502842,48.2412,-122.3707,Inf,"Stanwood, WA, USA","moved to Stanwood, Washington US"
28283,44.7528499,-68.6789218,42.3518,-71.8634,Inf,"Holden, MA, USA","moved to Holden, Massachusetts US"
28353,41.7571701,-88.3147539,39.7294,-104.8319,Inf,"Aurora, CO, USA","moved to Aurora, Colorado US"
28360,38.3226154,-75.2176892,42.3812,-71.637,500,"Berlin, MA, USA","moved to Berlin, Massachusetts US"
28416,45.5202471,-122.674194,,,Inf,"Portland, MA, USA",no match: removed from the map
28435,37.27347,-80.0453199999999,,,Inf,"Manchster, CT, USA",no match: removed from the map
28445,38.7919683,-90.3227803,38.8478,-105.3069,Inf,"Florissant, CO, USA","moved to Florissant, CO (ZIP code list)"
28785,8.19583000000006,-64.5038,,,Inf,"Mitrovica , Yugoslavia",no match: removed from the map
28792,38.661953,-90.5643258,42.6753,-82.7956,500,"Chesterfield, MI, USA","moved to Chesterfield, MI (ZIP code list)"
28794,39.1852184,-78.1652404,42.4523,-71.137,Inf,"Winchester, MA, USA","moved to Winchester, Massachusetts US"
28931,44.7122953,-68.4528018,42.1932,-73.0918,Inf,"Otis , MA, USA","moved to Otis, Massachusetts US"
29159,33.180397,-87.5394503,40.295,-79.9957,Inf,"South Park, PA, USA","moved to South Park, PA (ZIP code list)"
29302,36.1466259,-116.3161453,,,Inf,"Evelyn , LA, USA",no match: removed from the map
29407,32.2324984,-101.5179882,,,Inf,"Mesa, DE, USA",no match: removed from the map
29519,44.7224335,-123.0073897,42.3764,-71.8723,Inf,"Jefferson  , MA, USA","moved to Jefferson, MA (ZIP code list)"
29775,41.5910323,-93.6046655,47.4018,-122.3243,Inf,"Des Moines, WA, USA","moved to Des Moines, Washington US"
30369,39.0745515,-78.7291837,,,Inf,"Arkansas , AR, USA",no match: removed from the map
30388,42.6615800000001,-94.90126,,,Inf,"Farquay Varina, NC, USA",no match: removed from the map
30463,44.9391565,-123.033121,42.5195,-70.8967,Inf,"Salem, MA, USA","moved to Salem, Massachusetts US"
30560,26.1003392,-80.399513,37.1706,-104.8887,Inf,"Weston, CO, USA","moved to Weston, CO (ZIP code list)"
30589,41.6955582,-95.8764509,,,Inf,"Magnolia, WA, USA",no match: removed from the map
30605,36.7291152,-108.205445,37.7809,-90.4218,Inf,"Farmington, MO, USA","moved to Farmington, Missouri US"
30623,34.471346749999995,-101.30405487410314,37.8119,-107.6645,500,"Silverton, CO, USA","moved to Silverton, Colorado US"
30794,42.8488865,-92.0970758,47.2032,-122.2404,Inf,"Sumner , WA, USA","moved to Sumner, Washington US"
30901,39.613321,-105.016649,42.538,-71.485,Inf,"Littleton, MA, USA","moved to Littleton, MA (ZIP code list)"
31060,39.2139900000001,-79.63701,,,Inf,"Highway location, FL, USA",no match: removed from the map
31241,36.2557086,-77.626919,38.4565,-75.5772,Inf,"Delmar, DE, USA","moved to Delmar, Delaware US"
31247,34.1362075,-118.0401497,32.549,-92.9202,Inf,"Arcadia, LA, USA","moved to Arcadia, Louisiana US"
31254,46.0607000000001,-88.62854,,,Inf,"Caspian Sea  , Iran",no match: removed from the map
31342,38.5131989,-90.4400578,42.7978,-83.705,Inf,"Fenton, MI, USA","moved to Fenton, Michigan US"
31407,61.5995703,-149.11109,42.1584,-72.3287,Inf,"Palmer, MA, USA","moved to Palmer, Massachusetts US"
31626,61.5995703,-149.11109,42.1584,-72.3287,Inf,"Palmer, MA, USA","moved to Palmer, Massachusetts US"
31628,33.53232244,131.35029271,,,Inf,"unknown, WA, USA",no match: removed from the map
31652,41.7571701,-88.3147539,39.7294,-104.8319,Inf,"Aurora, CO, USA","moved to Aurora, Colorado US"
31654,41.5910323,-93.6046655,47.4018,-122.3243,Inf,"Des Moines, WA, USA","moved to Des Moines, Washington US"
31703,39.35749,-97.26481,,,Inf,"Idhna, OR, USA",no match: removed from the map
31905,41.811108,-87.8232695,40.2247,-105.2714,Inf,"Lyons, CO, USA","moved to Lyons, Colorado US"
31911,43.3436751,-96.0022965,47.1427,-119.827,Inf,"George, WA, USA","moved to George, WA (ZIP code list)"
31914,42.8488865,-92.0970758,47.2032,-122.2404,Inf,"Sumner, WA, USA","moved to Sumner, Washington US"
31999,40.9808209,-73.684294,37.944,-104.8855,Inf,"Rye, CO, USA","moved to Rye, CO (ZIP code list)"
32075,38.6337300000001,-78.5802899999999,,,Inf,"Intersection of Hwy. 395 and 85, CA, USA",no match: removed from the map
32179,32.6098566,-85.4807825,40.593,-76.1273,Inf,"Auburn, PA, USA","moved to Auburn, PA (ZIP code list)"
32189,39.415779,-77.4127562,40.0992,-104.9372,Inf,"Frederick, CO, USA","moved to Frederick, Colorado US"
32212,34.0434100000001,-83.71609,,,500,"Bartow/Mulberry, FL, USA",no match: removed from the map
32283,42.8488865,-92.0970758,47.2032,-122.2404,Inf,"Sumner, WA, USA","moved to Sumner, Washington US"
32385,13.5220835314184,144.846895140591,,,Inf,"Santa Monica, CT, USA",no match: removed from the map
32412,46.8107645,-90.8182329,37.2256,-107.5981,Inf,"Bayfield, CO, USA","moved to Bayfield, Colorado US"
32429,40.6569490000001,-73.960506,,,Inf,"Caribbean Sea, FL, USA",no match: removed from the map
32450,41.2758522,-91.1884349,46.251,-119.9017,Inf,"Grandview, WA, USA","moved to Grandview, Washington US"
32868,31.120591,-97.888212,,,Inf,"Egg Town, NC, USA",no match: removed from the map
32872,40.9808209,-73.684294,37.944,-104.8855,Inf,"Rye, CO, USA","moved to Rye, CO (ZIP code list)"
32879,41.5456578,-71.2914388,39.4496,-75.7163,Inf,"Middletown, DE, USA","moved to Middletown, Delaware US"
32976,31.7304339,-86.3096846,39.9081,-75.3256,Inf,"Rutledge, PA, USA","moved to Rutledge, PA (ZIP code list)"
33028,33.382055,-86.961937,32.2413,-92.716,500,"Jonesboro , LA, USA","moved to Jonesboro, Louisiana US"
33032,32.612602,-90.0367512,42.3086,-83.4822,Inf,"Canton, MI, USA","moved to Canton, Michigan US"
33153,39.9554484956761,-74.2317437735198,,,Inf,"Atlantic Ocean , U.S. Virgin Islands",no match: removed from the map
33176,38.3378200000001,-90.3936399999999,,,Inf,"Barnhart, NH, USA",no match: removed from the map
33251,31.5702088,-85.2503315,29.9747,-92.1343,500,"Abbeville, LA, USA","moved to Abbeville, Louisiana US"
33285,36.6006100000001,-89.6423,,,Inf,"Sky CIty, NM, USA",no match: removed from the map
33411,39.0745515,-78.7291837,,,Inf,"Arkansas , AR, USA",no match: removed from the map
33515,38.5581072,-91.0120878,42.7591,-83.0384,Inf,"Washington, MI, USA","moved to Washington, MI (ZIP code list)"
33528,33.53232244,131.35029271,,,Inf,"To remain unknown, MN, USA",no match: removed from the map
33532,33.53232244,131.35029271,,,Inf,"unknown, IL, USA",no match: removed from the map
33580,39.3666687,-101.3768295,41.7601,-70.0828,Inf,"Brewster, MA, USA","moved to Brewster, Massachusetts US"
33582,39.3666687,-101.3768295,41.7601,-70.0828,Inf,"Brewster, MA, USA","moved to Brewster, Massachusetts US"
33692,41.8927197,-91.1502842,48.2412,-122.3707,Inf,"Stanwood, WA, USA","moved to Stanwood, Washington US"
33730,-31.7346099539355,116.357979469546,,,Inf,"Sellic, WA, USA",no match: removed from the map
33735,38.7919683,-90.3227803,38.8478,-105.3069,Inf,"Florissant, CO, USA","moved to Florissant, CO (ZIP code list)"
33778,33.0555687,-96.6220692,39.5186,-104.7614,Inf,"Parker, CO, USA","moved to Parker, Colorado US"
33939,31.7137668,-87.3130436,29.9602,-90.2156,500,"River Ridge, LA, USA","moved to River Ridge, Louisiana US"
33969,33.6719177,-117.7753998,40.2328,-106.8663,Inf,"Oak Creek, CO, USA","moved to Oak Creek, CO (ZIP code list)"
33993,40.11404657,-89.158650902,,,500,"Illinois  (on I-90, about 150?mi. N.Ill., WI, USA",no match: removed from the map
34016,42.1264859,-93.9685535,39.945,-105.8172,Inf,"Fraser, CO, USA","moved to Fraser, Colorado US"
34024,31.3607243,-86.4696811,42.6657,-72.8333,Inf,"Heath, MA, USA","moved to Heath, MA (ZIP code list)"
34080,46.7207737,-92.1040796,39.9528,-105.1686,Inf,"Superior, CO, USA","moved to Superior, Colorado US"
34103,25.7838458539088,-97.5079794214496,,,Inf,"Atlantic Ocean , Bermuda",no match: removed from the map
34115,43.6954424,-116.3540138,39.6553,-106.8286,Inf,"Eagle, CO, USA","moved to Eagle, Colorado US"
34134,36.4920085,-121.47843967541506,30.2385,-90.9201,Inf,"Gonzales, LA, USA","moved to Gonzales, Louisiana US"
34252,9.06478000000004,-79.43155,,,Inf,"Multiple, NH, USA",no match: removed from the map
34347,36.6006100000001,-89.6423,,,Inf,"Sky City, NM, USA",no match: removed from the map
34458,36.0956918,-79.4377991,42.5048,-71.1956,Inf,"Burlington, MA, USA","moved to Burlington, Massachusetts US"
34465,39.3289004,-76.5473002,39.4938,-91.293,Inf,"Frankford, MO, USA","moved to Frankford, MO (ZIP code list)"
34788,34.59451,-106.03591507635866,37.305,-93.4285,Inf,"Willard, MO, USA","moved to Willard, Missouri US"
35061,39.7542584099114,-104.980449442805,,,Inf,"Denver, CA, USA",no match: removed from the map
35126,47.3657791,-122.100222,35.5642,-89.6465,Inf,"Covington, TN, USA","moved to Covington, Tennessee US"
35239,31.44953845,-86.95675139521086,39.6333,-105.3172,Inf,"Evergreen, CO, USA","moved to Evergreen, Colorado US"
35266,34.947125226717,-88.4790699316557,,,500,"Corinth Community, SC, USA",no match: removed from the map
35277,41.7571701,-88.3147539,39.7294,-104.8319,Inf,"Aurora, CO, USA","moved to Aurora, Colorado US"
35384,-22.2745264,166.442419,,,Inf,"France , France",no match: removed from the map
35400,41.7571701,-88.3147539,39.7294,-104.8319,Inf,"Aurora, CO, USA","moved to Aurora, Colorado US"
35437,39.7990175,-89.6439575,37.4084,-102.6144,Inf,"Springfield, CO, USA","moved to Springfield, Colorado US"
35444,42.3420595,-92.6747299,39.6027,-105.208,Inf,"Morrison, CO, USA","moved to Morrison, CO (ZIP code list)"
35567,52.77306,4.74540000000007,18.026,-63.0458,Inf,"Philipsburg  , Sint Maarten","moved to Philipsburg, NA SX"
35646,31.7137668,-87.3130436,29.9602,-90.2156,500,"River Ridge, LA, USA","moved to River Ridge, Louisiana US"
35703,41.7571701,-88.3147539,39.7294,-104.8319,Inf,"Aurora, CO, USA","moved to Aurora, Colorado US"
35730,41.7571701,-88.3147539,39.7294,-104.8319,Inf,"Aurora, CO, USA","moved to Aurora, Colorado US"
35784,33.4859402,-86.9119366,39.7812,-77.3654,Inf,"Fairfield, PA, USA","moved to Fairfield, PA (ZIP code list)"
35901,40.8249599,-75.9085168,38.3567,-105.8111,Inf,"Coaldale, CO, USA","moved to Coaldale, CO (ZIP code list)"
35922,33.7136187450512,-117.793302865556,,,500,"California, AZ, USA",no match: removed from the map
35962,47.953346,-102.134892,40.0141,-106.0994,Inf,"Parshall, CO, USA","moved to Parshall, CO (ZIP code list)"
36281,42.2448559,-93.0642491,47.3275,-123.0721,Inf,"Union , WA, USA","moved to Union, WA (ZIP code list)"
36299,33.53232244,131.35029271,,,Inf,"unknown, CA, USA",no match: removed from the map
36300,37.7397,-121.42641,,,Inf,"Why/Tracy, AZ, USA",no match: removed from the map
36335,13.4995950472074,144.864855071001,,,Inf,"na, WY, USA",no match: removed from the map
36352,39.7686055,-94.8466322,42.1098,-86.48,Inf,"St. Joseph, MI, USA","moved to Saint Joseph, Michigan US"
36563,41.23008,-120.5039,,,Inf,"Likely, CT, USA",no match: removed from the map
36619,40.4148300000001,-74.3654299999999,,,Inf,"Seaford/Old Bridge, DE, USA",no match: removed from the map
36664,39.7544500000001,-74.22266,,,Inf,"Barnegat, NE, USA",no match: removed from the map
36920,31.44953845,-86.95675139521086,39.6333,-105.3172,Inf,"Evergreen, CO, USA","moved to Evergreen, Colorado US"
37143,32.3528055,-90.8777342,42.12,-85.5328,Inf,"Vicksburg, MI, USA","moved to Vicksburg, Michigan US"
37171,33.0555687,-96.6220692,39.5186,-104.7614,Inf,"Parker, CO, USA","moved to Parker, Colorado US"
37202,40.8126922,-91.1020205,48.4757,-122.3254,Inf,"Burlington, WA, USA","moved to Burlington, Washington US"
37339,43.6954424,-116.3540138,39.6553,-106.8286,Inf,"Eagle, CO, USA","moved to Eagle, Colorado US"
37348,40.8126922,-91.1020205,48.4757,-122.3254,Inf,"Burlington, WA, USA","moved to Burlington, Washington US"
37352,33.53232244,131.35029271,,,Inf,"unknown , CA, USA",no match: removed from the map
37411,32.7558392,-98.9032554,39.4817,-106.0383,Inf,"Breckenridge, CO, USA","moved to Breckenridge, Colorado US"
37437,42.2071434,-72.60765,40.5844,-102.3024,Inf,"Holyoke , CO, USA","moved to Holyoke, Colorado US"
37583,33.0555687,-96.6220692,39.5186,-104.7614,Inf,"Parker, CO, USA","moved to Parker, Colorado US"
37681,36.7291152,-108.205445,37.7809,-90.4218,Inf,"Farmington, MO, USA","moved to Farmington, Missouri US"
37760,35.193406499999995,-78.64890721875,39.0024,-104.525,Inf,"Falcon, CO, USA","moved to Falcon, CO (ZIP code list)"
37816,39.1851824,-93.8828515,43.2681,-82.5308,Inf,"Lexington, MI, USA","moved to Lexington, Michigan US"
37824,38.24735,-76.59774,,,250,"Wilderness, WV, USA",no match: removed from the map
37840,42.9438559,-93.3827448,47.1078,-117.3698,Inf,"Thornton, WA, USA","moved to Thornton, WA (ZIP code list)"
37966,41.7571701,-88.3147539,39.7294,-104.8319,Inf,"Aurora, CO, USA","moved to Aurora, Colorado US"
38072,40.3267407,-78.9219698,40.3369,-104.9122,Inf,"Johnstown, CO, USA","moved to Johnstown, Colorado US"
38105,41.7571701,-88.3147539,39.7294,-104.8319,Inf,"Aurora, CO, USA","moved to Aurora, Colorado US"
38203,39.2214765,-94.5719748,45.8527,-87.0218,Inf,"Gladstone, MI, USA","moved to Gladstone, Michigan US"
38290,38.9555700000001,-104.82177,,,Inf,"U. S. Air Force base , FL, USA",no match: removed from the map
38341,28.802215,-81.4434029,30.818,-91.1265,Inf,"Ethel, LA, USA","moved to Ethel, LA (ZIP code list)"
38342,28.802215,-81.4434029,30.818,-91.1265,Inf,"Ethel, LA, USA","moved to Ethel, LA (ZIP code list)"
38354,33.9264200000001,-92.16166,,,Inf,"Cleveland/Toledo , PA, USA",no match: removed from the map
38366,39.7459468,-75.546589,42.5465,-71.1737,Inf,"Wilmington, MA, USA","moved to Wilmington, Massachusetts US"
38376,41.4178162882175,-87.4955169887981,,,Inf,"In-flight , MT, USA",no match: removed from the map
38477,41.7571701,-88.3147539,39.7294,-104.8319,Inf,"Aurora, CO, USA","moved to Aurora, Colorado US"
38481,39.2214765,-94.5719748,45.8527,-87.0218,Inf,"Gladstone, MI, USA","moved to Gladstone, Michigan US"
38963,35.0421963,-117.6675604,30.5882,-91.1682,Inf,"Baker, LA, USA","moved to Baker, Louisiana US"
39048,33.4342755,-86.9472148,42.3488,-71.1551,Inf,"Brighton, MA, USA","moved to Brighton, MA (ZIP code list)"
39075,32.7239777990001,-89.657175808,,,Inf,"Mississippi, WV, USA",no match: removed from the map
39092,39.1135200000001,-94.62682,,,Inf,"Kansas City, PA, USA",no match: removed from the map
39167,32.3086744,-90.1983063,42.2459,-84.4013,Inf,"Jackson, MI, USA","moved to Jackson, Michigan US"
39295,32.6098566,-85.4807825,42.1945,-71.8356,Inf,"Auburn, MA, USA","moved to Auburn, Massachusetts US"
39431,33.9264200000001,-92.16166,,,Inf,"Toledo-Cleveland, OH, USA",no match: removed from the map
39448,43.8006354,-70.1867161,41.7057,-70.2286,250,"Yarmouth, MA, USA","moved to Yarmouth, Massachusetts US"
39449,37.76235,-81.92727,,,Inf,"don't know, NJ, USA",no match: removed from the map
39494,41.9442722,-85.6346222,42.1812,-72.3606,Inf,"Three Rivers, MA, USA","moved to Three Rivers, Massachusetts US"
39664,31.75687,34.98925,,,Inf,"Japan, Japan",no match: removed from the map
39679,38.5471327,-122.8163802,40.4775,-104.9014,Inf,"Windsor, CO, USA","moved to Windsor, Colorado US"
39689,41.7571701,-88.3147539,39.7294,-104.8319,Inf,"Aurora, CO, USA","moved to Aurora, Colorado US"
39962,36.0956918,-79.4377991,42.5048,-71.1956,Inf,"Burlington, MA, USA","moved to Burlington, Massachusetts US"
40556,33.4859402,-86.9119366,39.7812,-77.3654,Inf,"Fairfield, PA, USA","moved to Fairfield, PA (ZIP code list)"
40604,39.7006525,-78.1822613,42.5607,-73.2444,Inf,"Hancock, MA, USA","moved to Hancock, MA (ZIP code list)"
40693,21.8713900000001,-78.9613899999999,,,500,"Cuba/San Isidro , NM, USA",no match: removed from the map
40732,13.3804499597037,144.656874172058,,,Inf,"San Francisco, CT, USA",no match: removed from the map
40823,36.0709600000001,-119.01619,,,Inf,"Porterville, CT, USA",no match: removed from the map
40827,41.7571701,-88.3147539,39.7294,-104.8319,Inf,"Aurora, CO, USA","moved to Aurora, Colorado US"
40836,40.8088861,-96.7077751,42.4259,-71.304,Inf,"Lincoln, MA, USA","moved to Lincoln, Massachusetts US"
40902,44.7445159,-68.836982,42.064,-72.4134,Inf,"Hampden, MA, USA","moved to Hampden, Massachusetts US"
40912,35.35769419405,-118.96846315962,,,Inf,"Kern, TX, USA",no match: removed from the map
40930,34.5096839,-96.974653,30.2366,-93.3774,500,"Sulphur, LA, USA","moved to Sulphur, Louisiana US"
41044,-14.83093,-64.89863,,,Inf,"Trinidad , Trinidad and Tobago",no match: removed from the map
41048,39.9815800366838,-79.9942999333117,,,Inf,"Seaford/Millsboro Millsboro, to Rehobot, DE, USA",no match: removed from the map
41507,41.5456578,-71.2914388,39.4496,-75.7163,Inf,"Middletown, DE, USA","moved to Middletown, Delaware US"
41515,42.8488865,-92.0970758,47.2032,-122.2404,Inf,"Sumner, WA, USA","moved to Sumner, Washington US"
41759,43.3436751,-96.0022965,47.1427,-119.827,Inf,"George, WA, USA","moved to George, WA (ZIP code list)"
42061,12.1845,-68.6607922625,,,Inf,"Netherlands, Netherlands",no match: removed from the map
42095,42.8488865,-92.0970758,47.2032,-122.2404,Inf,"Sumner, WA, USA","moved to Sumner, Washington US"
42140,36.20786,-86.28952,,,Inf,"Beruit , Lebanon",no match: removed from the map
42250,42.13955,-87.9157299999999,,,Inf,"Wheeling, WY, USA",no match: removed from the map
42296,35.1339862,-94.5346655,29.7977,-93.3251,500,"Cameron, LA, USA","moved to Cameron, Louisiana US"
42336,33.4000633,-91.0551312,43.1775,-85.2528,Inf,"Greenville, MI, USA","moved to Greenville, Michigan US"
42347,47.2826827,-121.9270553,,,Inf,"Cumberland, TN, USA",no match: removed from the map
42368,30.4590793,-91.1528844,41.8712,-71.552,Inf,"Greenville, RI, USA","moved to Greenville, Rhode Island US"
42372,34.0366602453766,-118.317094906607,,,Inf,"Interstate 10, LA, USA",no match: removed from the map
42411,37.7306054,-88.9331256,41.7001,-70.7628,Inf,"Marion, MA, USA","moved to Marion, Massachusetts US"
42413,30.3482260000001,-91.0240249999999,,,Inf,"San Arden, CA, USA",no match: removed from the map
42472,37.8243715,-122.231635,33.9246,-85.6114,Inf,"Piedmont, AL, USA","moved to Piedmont, Alabama US"
42474,32.3190398,-84.5171411,38.8422,-106.1311,Inf,"Buena Vista, CO, USA","moved to Buena Vista, Colorado US"
42562,37.8189967,-121.9148382,,,Inf,"Blackhawk, CO, USA",no match: removed from the map
42602,32.8924400000001,-80.066,,,Inf,"Charleston AFS, ME, USA",no match: removed from the map
42634,42.8488865,-92.0970758,47.2032,-122.2404,Inf,"Sumner, WA, USA","moved to Sumner, Washington US"
42681,31.7137668,-87.3130436,29.9602,-90.2156,500,"River Ridge, LA, USA","moved to River Ridge, Louisiana US"
42686,34.108123,-118.061005,,,Inf,"In-flight sighting , NE, USA",no match: removed from the map
42828,42.1829900000001,-111.04741,,,Inf,"CT/RI border, RI, USA",no match: removed from the map
42875,38.7478279,-90.2114995,42.1742,-83.1794,500,"Riverview, MI, USA","moved to Riverview, Michigan US"
42937,39.5926491,-80.2474794,,,250,"Fairview , VA, USA",no match: removed from the map
43000,36.7409500000001,-119.78536,,,Inf,"Fresno, GA, USA",no match: removed from the map
43020,41.8927197,-91.1502842,48.2412,-122.3707,Inf,"Stanwood, WA, USA","moved to Stanwood, Washington US"
43125,49.18424,-2.11108999999993,,,250,"St. Helier, Jersey  , United Kingdom",no match: removed from the map
43190,30.4899350299919,-86.4277248999233,,,Inf,"Mediterranean Sea , Malta",no match: removed from the map
43203,24.5701611099681,-81.745650003594207,,,Inf,"Bullet County , KY, USA",no match: removed from the map
43227,46.2639800000001,-95.53441,,,500,"Vining, MI, USA",no match: removed from the map
43425,40.6079567,-95.2916488,,,Inf,"Northboro, MA, USA",no match: removed from the map
43829,47.7987200000001,-121.39233,,,500,"Townsen, MT, USA",no match: removed from the map
43866,38.1731100371913,-86.6081980589303,,,500,"In-orbit , GA, USA",no match: removed from the map
43910,34.1816482,-118.3258554,,,Inf,"Burbank, CO, USA",no match: removed from the map
43968,33.0555687,-96.6220692,39.5186,-104.7614,Inf,"Parker, CO, USA","moved to Parker, Colorado US"
44113,33.1211097427025,-117.147925582048,,,250,"Phoenix/San Diego , AZ, USA",no match: removed from the map
44139,40.3267407,-78.9219698,40.3369,-104.9122,Inf,"Johnstown, CO, USA","moved to Johnstown, Colorado US"
44192,38.3226154,-75.2176892,42.3812,-71.637,500,"Berlin, MA, USA","moved to Berlin, Massachusetts US"
44216,33.0912300000001,-85.0318799999999,,,Inf,"Meadowlands Marshes, NJ, USA",no match: removed from the map
44268,49.4812093400001,-2.52237303999993,,,250,"Guernsey , United Kingdom",no match: removed from the map
44507,31.75687,34.98925,,,Inf,"Japan, Japan",no match: removed from the map
44633,18.34290815,-64.91889970060265,39.9123,-77.8082,Inf,"St. Thomas, PA, USA","moved to Saint Thomas, PA (ZIP code list)"
44902,31.7137668,-87.3130436,29.9602,-90.2156,500,"River Ridge, LA, USA","moved to River Ridge, Louisiana US"
44943,41.7571701,-88.3147539,39.7294,-104.8319,Inf,"Aurora, CO, USA","moved to Aurora, Colorado US"
45024,41.811108,-87.8232695,40.2247,-105.2714,Inf,"Lyons, CO, USA","moved to Lyons, Colorado US"
45025,41.811108,-87.8232695,40.2247,-105.2714,Inf,"Lyons, CO, USA","moved to Lyons, Colorado US"
45127,33.6719177,-117.7753998,40.2328,-106.8663,Inf,"Oak Creek, CO, USA","moved to Oak Creek, CO (ZIP code list)"
45156,39.1770450510909,-86.5689798754495,,,Inf,"in air, TX, USA",no match: removed from the map
45213,39.7686055,-94.8466322,42.1098,-86.48,Inf,"St. Joseph, MI, USA","moved to Saint Joseph, Michigan US"
45218,34.032091,-118.265679,,,Inf,"Los Angeles, CT, USA",no match: removed from the map
45243,49.2140259120001,-2.13271907499995,,,250,"Jersey County , United Kingdom",no match: removed from the map
45321,44.9391565,-123.033121,42.5195,-70.8967,Inf,"Salem, MA, USA","moved to Salem, Massachusetts US"
45415,33.1875575,-86.30139671306966,32.861,-91.3885,500,"Oak Grove, LA, USA","moved to Oak Grove, Louisiana US"
45461,42.32822,-113.20936,,,Inf,"it was in the middle of no where, GA, USA",no match: removed from the map
45504,30.6326942,-97.6772311,38.6901,-75.3855,Inf,"Georgetown, DE, USA","moved to Georgetown, Delaware US"
45643,41.7571701,-88.3147539,39.7294,-104.8319,Inf,"Aurora, CO, USA","moved to Aurora, Colorado US"
45645,4.55440000000004,-74.13604,,,Inf,"México, DC, Mexico",no match: removed from the map
45689,10.3029285127114,-67.5536916523272,,,Inf,"Girardot , BC, Canada",no match: removed from the map
45746,38.7098314,-93.2295515,39.2658,-105.1517,Inf,"Sedalia, CO, USA","moved to Sedalia, CO (ZIP code list)"
45763,33.382055,-86.961937,32.2413,-92.716,500,"Jonesboro, LA, USA","moved to Jonesboro, Louisiana US"
45776,32.3431999,-89.3286753,43.8391,-85.015,Inf,"Lake, MI, USA","moved to Lake, MI (ZIP code list)"
45999,33.9509439,-90.7678781,43.6133,-86.3495,Inf,"Shelby, MI, USA","moved to Shelby, MI (ZIP code list)"
46162,31.9868295,-88.33308822099423,42.2834,-71.2328,Inf,"Needham, MA, USA","moved to Needham, Massachusetts US"
46202,38.9889816,-77.090844,,,500,"Westboro, MA, USA",no match: removed from the map
46307,41.8927197,-91.1502842,48.2412,-122.3707,Inf,"Stanwood, WA, USA","moved to Stanwood, Washington US"
46644,33.2737256,-85.8360741,40.7818,-76.3458,Inf,"Ashland, PA, USA","moved to Ashland, Pennsylvania US"
46750,39.3525383,-88.619224,39.7383,-104.3233,Inf,"Strasburg, CO, USA","moved to Strasburg, Colorado US"
46802,34.5370339,-86.3944308,40.3643,-74.9513,Inf,"New Hope, PA, USA","moved to New Hope, Pennsylvania US"
46804,33.53232244,131.35029271,,,Inf,"unknown, MI, USA",no match: removed from the map
46870,7.95000000000005,-72.7499999999999,,,Inf,"El  Zumbador  , Cuba",no match: removed from the map
46899,34.5414200000001,-112.46873,,,Inf,"Prescott, FL, USA",no match: removed from the map
47020,34.2826600000001,-90.8710399999999,,,Inf,"Various counties, IA, USA",no match: removed from the map
47051,27.8969669,-82.7951024,32.3108,-91.7023,Inf,"Baskin, LA, USA","moved to Baskin, LA (ZIP code list)"
47071,27.2437400000001,-80.83224,,,500,"Okeechobee, GA, USA",no match: removed from the map
47283,31.44953845,-86.95675139521086,39.6333,-105.3172,Inf,"Evergreen, CO, USA","moved to Evergreen, Colorado US"
47293,32.5841595,-88.1872828,30.5021,-90.7479,250,"Livingston, LA, USA","moved to Livingston, Louisiana US"
47298,34.2898300000001,-89.1233999999999,,,Inf,"Turnpike, NJ, USA",no match: removed from the map
47467,43.6954424,-116.3540138,39.6553,-106.8286,Inf,"Eagle, CO, USA","moved to Eagle, Colorado US"
47604,38.78394,-90.48123,,,250,"St. Charles, IN, USA",no match: removed from the map
47691,39.0745515,-78.7291837,,,Inf,"Arkansas , AR, USA",no match: removed from the map
47702,33.4000633,-91.0551312,43.1775,-85.2528,Inf,"Greenville, MI, USA","moved to Greenville, Michigan US"
47739,31.1893444,-85.2860437,42.1307,-71.0412,Inf,"Avon, MA, USA","moved to Avon, Massachusetts US"
47782,-17.21977,-62.8939,26.3358,127.8014,Inf,"Okinawa , Japan","moved to Okinawa, Okinawa JP"
48103,41.811108,-87.8232695,40.2247,-105.2714,Inf,"Lyons, CO, USA","moved to Lyons, Colorado US"
48329,32.665135,-114.47603157249804,40.1222,-102.7252,Inf,"Yuma, CO, USA","moved to Yuma, Colorado US"
48379,35.8810100000001,-106.30522,,,Inf,"Los Alamos, NV, USA",no match: removed from the map
48433,30.2094574,-95.7508098,39.077,-75.4889,Inf,"Magnolia, DE, USA","moved to Magnolia, DE (ZIP code list)"
48663,39.162,-84.45689,,,500,"Cincinnati , PA, USA",no match: removed from the map
48687,41.7571701,-88.3147539,39.7294,-104.8319,Inf,"Aurora, CO, USA","moved to Aurora, Colorado US"
48730,41.6507619,-112.3016234,38.425,-105.0228,500,"Penrose, CO, USA","moved to Penrose, Colorado US"
48800,41.9441774,-94.1137041,41.8459,-71.0828,Inf,"Berkley, MA, USA","moved to Berkley, Massachusetts US"
48809,41.7571701,-88.3147539,39.7294,-104.8319,Inf,"Aurora, CO, USA","moved to Aurora, Colorado US"
48835,41.8927197,-91.1502842,48.2412,-122.3707,Inf,"Stanwood, WA, USA","moved to Stanwood, Washington US"
48849,37.9043701,-122.5255306,42.8224,-85.4071,Inf,"Alto, MI, USA","moved to Alto, MI (ZIP code list)"
48892,1.12993000000006,104.05548,,,Inf,"Mississippi River , LA, USA",no match: removed from the map
48940,47.2826827,-121.9270553,,,Inf,"Cumberland, TN, USA",no match: removed from the map
48947,33.53232244,131.35029271,,,Inf,"unknown, VT, USA",no match: removed from the map
49116,31.44953845,-86.95675139521086,39.6333,-105.3172,Inf,"Evergreen, CO, USA","moved to Evergreen, Colorado US"
49173,38.10218,-86.27531,6.2479,-57.5171,Inf,"New Amsterdam, Guyana","moved to New Amsterdam, East Berbice-Corentyne GY"
49282,32.5841595,-88.1872828,30.5021,-90.7479,250,"livingston, LA, USA","moved to Livingston, Louisiana US"
49302,33.0555687,-96.6220692,39.5186,-104.7614,Inf,"Parker, CO, USA","moved to Parker, Colorado US"
49335,35.94836,-85.0264999999999,,,250,"Crossville, IN, USA",no match: removed from the map
49659,34.0366602453766,-118.317094906607,,,Inf,"Interstate 10 , LA, USA",no match: removed from the map
49689,42.00469975,-87.77590014075116,34.9282,-85.4337,Inf,"Wildwood, GA, USA","moved to Wildwood, GA (ZIP code list)"
49696,41.0998174,-91.0444022,46.8714,-123.3128,Inf,"Oakville, WA, USA","moved to Oakville, WA (ZIP code list)"
49707,36.8968052,-76.2602336,42.1195,-71.3251,Inf,"Norfolk, MA, USA","moved to Norfolk, Massachusetts US"
49738,30.1762800000001,-84.37526,,,Inf,"Crawfordville, IN, USA",no match: removed from the map
49978,41.5910323,-93.6046655,47.4018,-122.3243,Inf,"Des Moines, WA, USA","moved to Des Moines, Washington US"
50129,33.2756711,-85.6694025,29.6946,-91.219,Inf,"Berwick, LA, USA","moved to Berwick, Louisiana US"
50146,32.3086744,-90.1983063,42.2459,-84.4013,Inf,"Jackson, MI, USA","moved to Jackson, Michigan US"
50518,36.17193,-115.14001,,,Inf,"Las Vegas , NE, USA",no match: removed from the map
50593,40.8246249,-72.6658132,42.3029,-72.7745,Inf,"Westhampton, MA, USA","moved to Westhampton, Massachusetts US"
50666,40.7344306,-92.8742102,41.6487,-70.3481,Inf,"Centerville, MA, USA","moved to Centerville, Massachusetts US"
50744,37.5164926,-122.2941914,42.3959,-71.1787,Inf,"Belmont, MA, USA","moved to Belmont, Massachusetts US"
50745,37.5164926,-122.2941914,42.3959,-71.1787,Inf,"Belmont, MA, USA","moved to Belmont, Massachusetts US"
50838,34.0917400000001,49.6891600000001,,,500,"St. Johns , NF, Iraq",no match: removed from the map
50922,21.3049300000001,-157.85788,,,Inf,"Honolulu, IL, USA",no match: removed from the map
51040,38.4443875,-91.0082308,41.7849,-85.8575,Inf,"Union, MI, USA","moved to Union, MI (ZIP code list)"
51076,32.3086744,-90.1983063,42.2459,-84.4013,Inf,"Jackson, MI, USA","moved to Jackson, Michigan US"
51108,38.7919683,-90.3227803,38.8478,-105.3069,Inf,"Florissant, CO, USA","moved to Florissant, CO (ZIP code list)"
51195,36.8968052,-76.2602336,42.1195,-71.3251,Inf,"Norfolk, MA, USA","moved to Norfolk, Massachusetts US"
51206,39.2214765,-94.5719748,45.8527,-87.0218,Inf,"Gladstone, MI, USA","moved to Gladstone, Michigan US"
51259,38.78394,-90.48123,,,Inf,"Saint Charles, MT, USA",no match: removed from the map
51322,38.5925305,-90.5107453,42.1503,-84.0377,Inf,"Manchester, MI, USA","moved to Manchester, Michigan US"
51340,40.6642065,-90.4348506,39.6314,-106.5222,Inf,"Avon, CO, USA","moved to Avon, Colorado US"
51689,33.382055,-86.961937,32.2413,-92.716,500,"Jonesboro, LA, USA","moved to Jonesboro, Louisiana US"
51748,33.1506744,-96.8236116,39.5744,-106.0975,Inf,"Frisco, CO, USA","moved to Frisco, Colorado US"
51784,38.5131989,-90.4400578,42.7978,-83.705,Inf,"Fenton, MI, USA","moved to Fenton, Michigan US"
51792,33.53232244,131.35029271,,,Inf,"unknown, CA, USA",no match: removed from the map
51993,38.5131989,-90.4400578,42.7978,-83.705,Inf,"Fenton, MI, USA","moved to Fenton, Michigan US"
52019,42.39453,-74.2748599999999,,,Inf,"Stevensburg, MT, USA",no match: removed from the map
52067,34.6525901,-96.5261161,32.2818,-93.8241,500,"Stonewall, LA, USA","moved to Stonewall, Louisiana US"
52068,33.9509439,-90.7678781,43.6133,-86.3495,Inf,"Shelby, MI, USA","moved to Shelby, MI (ZIP code list)"
52190,39.8063247,-76.9842735,42.1132,-70.812,Inf,"Hanover, MA, USA","moved to Hanover, Massachusetts US"
52235,40.29792,-90.06082,,,Inf,"Havana, GA, USA",no match: removed from the map
52396,32.3086744,-90.1983063,42.2459,-84.4013,Inf,"Jackson, MI, USA","moved to Jackson, Michigan US"
52404,34.2151032,-95.1252314,,,250,"Ringold, LA, USA",no match: removed from the map
52407,39.6761900000001,-110.03582,,,Inf,"Desolation Wilderness, CA, USA",no match: removed from the map
52475,38.5471327,-122.8163802,40.4775,-104.9014,Inf,"Windsor, CO, USA","moved to Windsor, Colorado US"
52557,32.3086744,-90.1983063,42.2459,-84.4013,Inf,"Jackson , MI, USA","moved to Jackson, Michigan US"
52621,38.2542376,-85.759407,39.9778,-105.1319,Inf,"Louisville, CO, USA","moved to Louisville, Colorado US"
52626,32.3431999,-89.3286753,43.8391,-85.015,Inf,"Lake, MI, USA","moved to Lake, MI (ZIP code list)"
52676,35.193406499999995,-78.64890721875,39.0024,-104.525,Inf,"Falcon, CO, USA","moved to Falcon, CO (ZIP code list)"
52707,43.2076644,-91.2975835,47.6471,-120.0712,Inf,"Waterville , WA, USA","moved to Waterville, Washington US"
52724,42.2984881,-91.0142226,38.923,-104.9682,Inf,"Cascade, CO, USA","moved to Cascade, CO (ZIP code list)"
52738,37.3292732866447,-80.7372671548167,,,Inf,"Grand Junction (15-20 miles, CO, USA",no match: removed from the map
52747,44.819314,-119.4211007,39.0917,-104.8728,Inf,"Monument, CO, USA","moved to Monument, Colorado US"
52765,33.8501200000001,-88.4504899999999,,,Inf,"None, ME, USA",no match: removed from the map
52777,36.0456155,-88.100593,,,Inf,"Tin Cup, CO, USA",no match: removed from the map
52779,38.7098314,-93.2295515,39.2658,-105.1517,Inf,"Sedalia, CO, USA","moved to Sedalia, CO (ZIP code list)"
52780,38.9548043,-81.5445683,36.4126,-93.9779,Inf,"Garfield, AR, USA","moved to Garfield, AR (ZIP code list)"
52800,33.4334328,-96.1653992,39.4165,-105.6173,Inf,"Bailey, CO, USA","moved to Bailey, CO (ZIP code list)"
52856,40.8584328,-74.1637553,39.0919,-108.449,Inf,"Clifton, CO, USA","moved to Clifton, Colorado US"
53148,2.19586000000004,102.24957,,,Inf,"Reggae on the River, CA, USA",no match: removed from the map
53242,27.9504000000001,-82.5035999999999,,,Inf,"Midwest U. S. , MD, USA",no match: removed from the map
53360,35.8166150000001,-78.661726,,,Inf,"Unsure, AR, USA",no match: removed from the map
53402,39.6761900000001,-110.03582,,,Inf,"Desolation Wilderness, CA, USA",no match: removed from the map
53407,42.9852545,-95.8741447,42.0668,-72.8615,Inf,"Granville, MA, USA","moved to Granville, Massachusetts US"
53413,41.5910323,-93.6046655,47.4018,-122.3243,Inf,"Des Moines, WA, USA","moved to Des Moines, Washington US"
53671,38.5131989,-90.4400578,42.7978,-83.705,Inf,"Fenton, MI, USA","moved to Fenton, Michigan US"
53732,40.9808209,-73.684294,37.944,-104.8855,Inf,"Rye , CO, USA","moved to Rye, CO (ZIP code list)"
53759,44.6942207,-71.0106316,42.1745,-71.6023,250,"Upton, MA, USA","moved to Upton, Massachusetts US"
53878,34.59451,-106.03591507635866,37.305,-93.4285,Inf,"Willard, MO, USA","moved to Willard, Missouri US"
53892,33.0555687,-96.6220692,39.5186,-104.7614,Inf,"Parker, CO, USA","moved to Parker, Colorado US"
53901,36.8858853,-89.9292572,42.5748,-83.2638,Inf,"Bloomfield, MI, USA","moved to Bloomfield, MI (ZIP code list)"
54065,35.5515260770001,-97.40721629,,,500,"Colorado/Oklahoma , CO, USA",no match: removed from the map
54110,-12.4217699525979,130.860795076406,,,Inf,"Northern Territory , NT, Canada",no match: removed from the map
54132,37.7803037,-90.4226371,42.4645,-83.3763,Inf,"Farmington, MI, USA","moved to Farmington, Michigan US"
54142,30.78486,-97.27459,,,Inf,"Davill, IN, USA",no match: removed from the map
54180,34.7944608962209,-111.72117634265,,,Inf,"Sedona, MT, USA",no match: removed from the map
54189,38.5131989,-90.4400578,42.7978,-83.705,Inf,"Fenton, MI, USA","moved to Fenton, Michigan US"
54213,34.0917400000001,49.6891600000001,,,500,"Camp Taqqadum , Iraq",no match: removed from the map
54222,34.0917400000001,49.6891600000001,,,500,"Camp Taqaddum , Iraq",no match: removed from the map
54236,44.7528499,-68.6789218,42.3518,-71.8634,Inf,"Holden, MA, USA","moved to Holden, Massachusetts US"
54300,41.1414855,-73.3578955,41.6114,-71.0818,Inf,"Westport, MA, USA","moved to Westport, MA (ZIP code list)"
54401,33.7452200000001,-118.40378,,,Inf,"Rancho Palos Verdes, MT, USA",no match: removed from the map
54477,34.0629226,-118.2728204,30.2421,-93.2507,Inf,"Westlake, LA, USA","moved to Westlake, Louisiana US"
54563,32.3930337,-100.8635106,37.9453,-104.8353,Inf,"Colorado City, CO, USA","moved to Colorado City, Colorado US"
54576,38.6504352,-90.3362473,41.8591,-84.2123,500,"Clayton, MI, USA","moved to Clayton, MI (ZIP code list)"
54602,39.7686055,-94.8466322,42.1098,-86.48,Inf,"St. Joseph, MI, USA","moved to Saint Joseph, Michigan US"
54605,8.19583000000006,-64.5038,43.5089,16.4392,Inf,"Split , Yugoslavia","moved to Split, Splitsko-Dalmatinska HR"
54687,38.25489,-85.7666599999999,,,Inf,"Louisville, AR, USA",no match: removed from the map
54982,43.4990511,-110.8721007,44.9295,-92.2071,Inf,"Wilson, WI, USA","moved to Wilson, WI (ZIP code list)"
54988,41.7571701,-88.3147539,39.7294,-104.8319,Inf,"Aurora, CO, USA","moved to Aurora, Colorado US"
55105,33.6766227839859,-86.6951900647282,,,250,"Alabama (in-flight @ 35,000'), GA, USA",no match: removed from the map
55137,39.29058,-76.6092599999999,,,Inf,"Baltimore, ME, USA",no match: removed from the map
55213,39.7686055,-94.8466322,42.1098,-86.48,Inf,"St. Joseph, MI, USA","moved to Saint Joseph, Michigan US"
55373,32.5841595,-88.1872828,30.5021,-90.7479,250,"Livingston, LA, USA","moved to Livingston, Louisiana US"
55375,32.5841595,-88.1872828,30.5021,-90.7479,250,"Livingston, LA, USA","moved to Livingston, Louisiana US"
55380,48.1651000000001,-116.59622,,,Inf,"Fort Larome, OH, USA",no match: removed from the map
55607,41.2372500000001,-86.24551,,,Inf,"Argos, KS, USA",no match: removed from the map
55636,38.24735,-76.59774,,,500,"Siamese Ponds Wilderness, NY, USA",no match: removed from the map
55703,38.6577290000001,-121.070239,,,Inf,"in flight, AZ, USA",no match: removed from the map
55812,36.8175665,-94.0882656,44.7193,-84.0002,Inf,"Fairview, MI, USA","moved to Fairview, MI (ZIP code list)"
55826,43.2970674,-91.9883357,,,Inf,"Ridgeway, CO, USA",no match: removed from the map
55856,39.7686055,-94.8466322,42.1098,-86.48,Inf,"St. Joseph, MI, USA","moved to Saint Joseph, Michigan US"
55857,39.7686055,-94.8466322,42.1098,-86.48,Inf,"St. Joseph, MI, USA","moved to Saint Joseph, Michigan US"
55874,32.2163200000001,-80.7526099999999,,,500,"Hilton Head, NC, USA",no match: removed from the map
55934,32.612602,-90.0367512,42.3086,-83.4822,Inf,"Canton, MI, USA","moved to Canton, Michigan US"
56015,40.9106200000001,-73.56658,,,Inf,"Blyville, AR, USA",no match: removed from the map
56049,32.612602,-90.0367512,42.3086,-83.4822,Inf,"Canton, MI, USA","moved to Canton, Michigan US"
56057,32.7045753,-87.5958396,39.8137,-79.9685,Inf,"Greensboro, PA, USA","moved to Greensboro, PA (ZIP code list)"
56122,39.3666687,-101.3768295,41.7601,-70.0828,Inf,"Brewster, MA, USA","moved to Brewster, Massachusetts US"
56174,38.6728292,-90.2992808,44.2235,-85.9209,500,"Wellston, MI, USA","moved to Wellston, MI (ZIP code list)"
56233,43.2442467,-92.4363401,47.0034,-123.4088,Inf,"Elma, WA, USA","moved to Elma, Washington US"
56315,46.4985528,-92.2879727,42.0609,-71.2355,Inf,"Foxboro, MA, USA","moved to Foxboro, MA (ZIP code list)"
56358,33.4000633,-91.0551312,43.1775,-85.2528,Inf,"Greenville, MI, USA","moved to Greenville, Michigan US"
56394,49.4812093400001,-2.52237303999993,,,250,"Guernsey , United Kingdom",no match: removed from the map
56435,48.9420623,-122.3421026,36.2531,-82.1704,Inf,"Hampton, TN, USA","moved to Hampton, TN (ZIP code list)"
56486,33.8501200000001,-88.4504899999999,,,500,"none, FL, USA",no match: removed from the map
56497,33.0555687,-96.6220692,39.5186,-104.7614,Inf,"Parker, CO, USA","moved to Parker, Colorado US"
56703,34.79981,-87.677251,42.3301,-72.6927,Inf,"florence, MA, USA","moved to Florence, MA (ZIP code list)"
56956,49.2140259120001,-2.13271907499995,,,250,"Jersey  , United Kingdom",no match: removed from the map
57073,36.97389,-108.55814,,,Inf,"Popping Rock, KY, USA",no match: removed from the map
57195,41.7571701,-88.3147539,39.7294,-104.8319,Inf,"Aurora, CO, USA","moved to Aurora, Colorado US"
57403,39.3666687,-101.3768295,41.7601,-70.0828,Inf,"Brewster, MA, USA","moved to Brewster, Massachusetts US"
57441,41.8927197,-91.1502842,48.2412,-122.3707,Inf,"Stanwood, WA, USA","moved to Stanwood, Washington US"
57490,36.2958636,-103.2029954,,,Inf,"Bates, MO, USA",no match: removed from the map
57552,31.2928122,-85.1115416,32.1052,-92.0779,500,"Columbia, LA, USA","moved to Columbia, Louisiana US"
57562,38.5131989,-90.4400578,42.7978,-83.705,Inf,"Fenton, MI, USA","moved to Fenton, Michigan US"
57563,33.192915,-98.7375358,,,Inf,"Newcastle, DE, USA",no match: removed from the map
57635,-34.3932599999999,139.07524,17.2948,-62.7261,Inf,"Basseterre , Saint Kitts and Nevis","moved to Basseterre, Saint George Basseterre KN"
57639,38.661953,-90.5643258,42.6753,-82.7956,500,"Chesterfield, MI, USA","moved to Chesterfield, MI (ZIP code list)"
57806,32.612602,-90.0367512,42.3086,-83.4822,Inf,"Canton, MI, USA","moved to Canton, Michigan US"
58087,39.278622,-93.9768876,42.8092,-82.7558,Inf,"Richmond, MI, USA","moved to Richmond, Michigan US"
58168,44.966741,-70.643463,,,Inf,"Rangeley, MA, USA",no match: removed from the map
58343,41.2097152,-93.8466116,41.9934,-70.0498,Inf,"Truro, MA, USA","moved to Truro, Massachusetts US"
58388,42.6764593,-76.8230111,40.8758,-102.3761,Inf,"Ovid, CO, USA","moved to Ovid, CO (ZIP code list)"
58406,46.4985528,-92.2879727,42.0609,-71.2355,Inf,"Foxboro, MA, USA","moved to Foxboro, MA (ZIP code list)"
58565,46.7252795,-101.5026443,38.8043,-106.6305,Inf,"Almont, CO, USA","moved to Almont, CO (ZIP code list)"
58595,34.6525901,-96.5261161,32.2818,-93.8241,500,"Stonewall, LA, USA","moved to Stonewall, Louisiana US"
58653,36.7932594,-89.9532508,42.3384,-83.8886,Inf,"Dexter, MI, USA","moved to Dexter, Michigan US"
58684,41.7571701,-88.3147539,39.7294,-104.8319,Inf,"Aurora, CO, USA","moved to Aurora, Colorado US"
58720,32.612602,-90.0367512,42.3086,-83.4822,Inf,"Canton, MI, USA","moved to Canton, Michigan US"
58752,38.545379,-121.744583,,,Inf,"Davis, CO, USA",no match: removed from the map
58818,42.4932575,-83.0062746,42.2126,-72.1912,Inf,"Warren, MA, USA","moved to Warren, Massachusetts US"
58853,33.6719177,-117.7753998,40.2328,-106.8663,Inf,"Oak Creek, CO, USA","moved to Oak Creek, CO (ZIP code list)"
58854,34.3663773,-89.5187664,42.8248,-83.2647,Inf,"Oxford, MI, USA","moved to Oxford, Michigan US"
58865,47.3657791,-122.100222,35.5642,-89.6465,Inf,"Covington, TN, USA","moved to Covington, Tennessee US"
59009,37.9621457,-122.3455263,37.1093,-105.4702,Inf,"San Pablo, CO, USA","moved to San Pablo, CO (ZIP code list)"
59119,38.7098314,-93.2295515,39.2658,-105.1517,Inf,"Sedalia, CO, USA","moved to Sedalia, CO (ZIP code list)"
59196,39.1991752,-94.0655005,40.631,-102.943,Inf,"Fleming, CO, USA","moved to Fleming, CO (ZIP code list)"
59281,41.7571701,-88.3147539,39.7294,-104.8319,Inf,"Aurora, CO, USA","moved to Aurora, Colorado US"
59379,36.7291152,-108.205445,37.7809,-90.4218,Inf,"Farmington, MO, USA","moved to Farmington, Missouri US"
59579,38.670742,-120.1135207,38.8274,-102.8241,Inf,"Kit Carson, CO, USA","moved to Kit Carson, CO (ZIP code list)"
59820,31.5090521,-87.8944435,41.8659,-75.6064,Inf,"Jackson, PA, USA","moved to Jackson, PA (ZIP code list)"
59933,52.77306,4.74540000000007,,,Inf,"St. Maarten ), Netherlands Antilles",no match: removed from the map
60017,44.1251998340001,-84.1966975,,,500,"Ohio-Michigan border, OH, USA",no match: removed from the map
60130,41.7571701,-88.3147539,39.7294,-104.8319,Inf,"Aurora, CO, USA","moved to Aurora, Colorado US"
60205,34.0456927688473,-118.448502663117,,,Inf,"Los Angeles, ID, USA",no match: removed from the map
60212,32.3930337,-100.8635106,37.9453,-104.8353,Inf,"Colorado City, CO, USA","moved to Colorado City, Colorado US"
60489,34.79981,-87.677251,38.3903,-105.1186,Inf,"Florence , CO, USA","moved to Florence, Colorado US"
60499,40.6131203,-80.5628478,37.3568,-77.4416,250,"Chester, VA, USA","moved to Chester, Virginia US"
60513,40.8126922,-91.1020205,48.4757,-122.3254,Inf,"Burlington, WA, USA","moved to Burlington, Washington US"
60544,37.5963232,-122.0816297,42.0667,-85.1361,Inf,"Union City, MI, USA","moved to Union City, Michigan US"
60580,36.2598800000001,-76.04715,,,500,"Phila./Camden, PA, USA",no match: removed from the map
60622,32.5101354,-87.694453,30.303,-90.972,500,"Prairieville, LA, USA","moved to Prairieville, Louisiana US"
60715,-35.9896199999999,143.86315,,,Inf,"Grand Canary Island, Spain",no match: removed from the map
60763,38.7919683,-90.3227803,38.8478,-105.3069,Inf,"Florissant, CO, USA","moved to Florissant, CO (ZIP code list)"
60839,33.3103907,-85.92191,33.006,-93.4668,500,"Springhill, LA, USA","moved to Springhill, Louisiana US"
60942,35.193406499999995,-78.64890721875,39.0024,-104.525,Inf,"Falcon, CO, USA","moved to Falcon, CO (ZIP code list)"
60988,32.5609617832857,-82.9807023632877,,,250,"VA/GA , SC, USA",no match: removed from the map
61007,34.79981,-87.677251,38.3903,-105.1186,Inf,"Florence , CO, USA","moved to Florence, Colorado US"
61075,36.1143660000001,-115.196206,,,Inf,"unknown, LA, USA",no match: removed from the map
61122,33.53232244,131.35029271,,,Inf,"Unknown , OH, USA",no match: removed from the map
61143,41.0912700000001,-73.9181799999999,,,Inf,"Nyack , CA, USA",no match: removed from the map
61163,48.9420623,-122.3421026,36.2531,-82.1704,Inf,"Hampton, TN, USA","moved to Hampton, TN (ZIP code list)"
61196,36.7398000000001,-85.20739,,,Inf,"Highway, AZ, USA",no match: removed from the map
61212,34.7650888,-87.6986407,41.704,-79.0356,Inf,"Sheffield, PA, USA","moved to Sheffield, Pennsylvania US"
61228,44.4761601,-73.212906,39.3061,-102.2694,Inf,"Burlington, CO, USA","moved to Burlington, Colorado US"
61232,44.4761601,-73.212906,39.3061,-102.2694,Inf,"Burlington, CO, USA","moved to Burlington, Colorado US"
61325,-17.21977,-62.8939,26.3358,127.8014,Inf,"Okinawa, Japan","moved to Okinawa, Okinawa JP"
61724,41.3559438,-91.1294277,47.979,-118.2317,Inf,"Fruitland, WA, USA","moved to Fruitland, WA (ZIP code list)"
61797,46.093016,-95.81755,42.6779,-71.8204,Inf,"Ashby, MA, USA","moved to Ashby, Massachusetts US"
61969,30.8713577,-88.0482706,,,Inf,"Pennsylvania , PA, USA",no match: removed from the map
61988,4.66404000000006,-74.05855,,,Inf,"Celta, PA, USA",no match: removed from the map
62026,38.2097967,-84.5588311,42.7238,-70.9782,Inf,"Georgetown, MA, USA","moved to Georgetown, MA (ZIP code list)"
62076,37.5164926,-122.2941914,42.3959,-71.1787,Inf,"Belmont, MA, USA","moved to Belmont, Massachusetts US"
62128,43.8540126,-123.0398029,30.488,-90.8615,Inf,"Walker, LA, USA","moved to Walker, Louisiana US"
62233,36.8104300000001,-76.323,,,Inf,"Gosport, KY, USA",no match: removed from the map
62513,38.6728292,-90.2992808,44.2235,-85.9209,500,"Wellston, MI, USA","moved to Wellston, MI (ZIP code list)"
62753,34.02167,-84.359,,,Inf,"Roswell, NV, USA",no match: removed from the map
62819,47.60357,-122.32945,,,Inf,"Seattle, WV, USA",no match: removed from the map
62822,34.5096839,-96.974653,30.2366,-93.3774,500,"Sulphur, LA, USA","moved to Sulphur, Louisiana US"
62856,38.9237244,-75.5777033,47.3895,-118.3563,Inf,"Harrington, WA, USA","moved to Harrington, WA (ZIP code list)"
62907,43.315471,-112.164417,39.3689,-107.0328,500,"Basalt, CO, USA","moved to Basalt, Colorado US"
62910,41.8927197,-91.1502842,48.2412,-122.3707,Inf,"Stanwood, WA, USA","moved to Stanwood, Washington US"
62999,41.52676,-72.07568,,,Inf,"Norwich, CA, USA",no match: removed from the map
63224,32.3190398,-84.5171411,38.8422,-106.1311,Inf,"Buena Vista, CO, USA","moved to Buena Vista, Colorado US"
63491,32.8398,-97.0915199999999,,,Inf,"Euless, TN, USA",no match: removed from the map
63528,45.8128928,-122.6614887,36.4486,-84.3318,Inf,"Pioneer, TN, USA","moved to Pioneer, TN (ZIP code list)"
63569,38.9237244,-75.5777033,47.3895,-118.3563,Inf,"Harrington, WA, USA","moved to Harrington, WA (ZIP code list)"
63592,36.97427437,140.19501972,,,Inf,"unknown, AZ, USA",no match: removed from the map
63645,38.4017642,-81.5459558,40.3294,-104.8552,Inf,"Milliken, CO, USA","moved to Milliken, Colorado US"
63646,38.4017642,-81.5459558,40.3294,-104.8552,Inf,"Milliken, CO, USA","moved to Milliken, Colorado US"
63648,49.4812093400001,-2.52237303999993,,,250,"Guernsey , United Kingdom",no match: removed from the map
63691,37.35526,-82.38891,,,Inf,"Bolivar - 170th & 326th Road junction, MO, USA",no match: removed from the map
63747,33.4342755,-86.9472148,42.3488,-71.1551,Inf,"Brighton, MA, USA","moved to Brighton, MA (ZIP code list)"
63772,44.819314,-119.4211007,39.0917,-104.8728,Inf,"Monument, CO, USA","moved to Monument, Colorado US"
63777,36.8968052,-76.2602336,42.1195,-71.3251,Inf,"Norfolk, MA, USA","moved to Norfolk, Massachusetts US"
63811,33.0555687,-96.6220692,39.5186,-104.7614,Inf,"Parker, CO, USA","moved to Parker, Colorado US"
63829,33.0555687,-96.6220692,39.5186,-104.7614,Inf,"Parker, CO, USA","moved to Parker, Colorado US"
63879,38.9237244,-75.5777033,47.3895,-118.3563,Inf,"Harrington, WA, USA","moved to Harrington, WA (ZIP code list)"
63906,38.6569872,-92.7795881,42.034,-84.0824,Inf,"Tipton, MI, USA","moved to Tipton, MI (ZIP code list)"
63939,42.4717600000001,-88.09281,,,Inf,"Antioch Community, SC, USA",no match: removed from the map
63963,39.8063247,-76.9842735,42.1132,-70.812,Inf,"Hanover, MA, USA","moved to Hanover, Massachusetts US"
64020,47.7590638,-116.7866807,40.4953,-107.2573,Inf,"Hayden, CO, USA","moved to Hayden, Colorado US"
64068,38.9237244,-75.5777033,47.3895,-118.3563,Inf,"Harrington , WA, USA","moved to Harrington, WA (ZIP code list)"
64107,38.5131989,-90.4400578,42.7978,-83.705,Inf,"Fenton, MI, USA","moved to Fenton, Michigan US"
64141,39.2214765,-94.5719748,45.8527,-87.0218,Inf,"Gladstone, MI, USA","moved to Gladstone, Michigan US"
64155,42.3420595,-92.6747299,39.6027,-105.208,Inf,"Morrison, CO, USA","moved to Morrison, CO (ZIP code list)"
64326,41.8927197,-91.1502842,48.2412,-122.3707,Inf,"Stanwood, WA, USA","moved to Stanwood, Washington US"
64364,32.5101354,-87.694453,30.303,-90.972,500,"Prairieville, LA, USA","moved to Prairieville, Louisiana US"
64382,41.8927197,-91.1502842,48.2412,-122.3707,Inf,"Stanwood, WA, USA","moved to Stanwood, Washington US"
64460,33.4000633,-91.0551312,43.1775,-85.2528,Inf,"Greenville, MI, USA","moved to Greenville, Michigan US"
64522,40.6736285,-92.1616976,47.2482,-122.3129,Inf,"Milton, WA, USA","moved to Milton, Washington US"
64529,37.7274692,-89.216655,39.4022,-107.2112,Inf,"Carbondale, CO, USA","moved to Carbondale, Colorado US"
64596,41.0231544,-94.6131481,46.4302,-118.4978,Inf,"Prescott, WA, USA","moved to Prescott, WA (ZIP code list)"
64679,37.5482697,-121.988571,43.4675,-85.942,Inf,"Fremont, MI, USA","moved to Fremont, Michigan US"
64796,40.6131203,-80.5628478,37.3568,-77.4416,250,"Chester, VA, USA","moved to Chester, Virginia US"
64811,38.5131989,-90.4400578,42.7978,-83.705,Inf,"Fenton, MI, USA","moved to Fenton, Michigan US"
64943,41.7403023,-90.9737626,39.7589,-104.4275,Inf,"Bennett, CO, USA","moved to Bennett, Colorado US"
64982,33.6223605,-86.19463478254308,40.9554,-76.6288,Inf,"Riverside, PA, USA","moved to Riverside, Pennsylvania US"
64987,42.4733189,-91.7343327,48.5048,-120.1238,Inf,"Winthrop, WA, USA","moved to Winthrop, WA (ZIP code list)"
64995,44.6688524,-90.1717987,42.0918,-70.7056,Inf,"Marshfield, MA, USA","moved to Marshfield, Massachusetts US"
65008,32.612602,-90.0367512,42.1584,-71.1448,Inf,"Canton, MA, USA","moved to Canton, Massachusetts US"
65018,39.0745515,-78.7291837,,,Inf,"Arkansas , AR, USA",no match: removed from the map
65037,33.8501200000001,-88.4504899999999,,,Inf,"None , MN, USA",no match: removed from the map
65187,39.3486919,-76.6826661,,,Inf,"Arlington, MO, USA",no match: removed from the map
65228,34.2023243,-87.1814012,39.7649,-79.3546,Inf,"Addison, PA, USA","moved to Addison, PA (ZIP code list)"
65333,31.1229561,-85.4527113,,,Inf,"Rehobeth, MA, USA",no match: removed from the map
65340,38.5131989,-90.4400578,42.7978,-83.705,Inf,"Fenton, MI, USA","moved to Fenton, Michigan US"
65356,34.0629226,-118.2728204,30.2421,-93.2507,Inf,"Westlake, LA, USA","moved to Westlake, Louisiana US"
65367,34.0629226,-118.2728204,30.2421,-93.2507,Inf,"Westlake, LA, USA","moved to Westlake, Louisiana US"
65522,39.8063247,-76.9842735,42.1132,-70.812,Inf,"Hanover, MA, USA","moved to Hanover, Massachusetts US"
65536,33.37093985,-85.40872257596398,41.0233,-78.3212,Inf,"Woodland, PA, USA","moved to Woodland, PA (ZIP code list)"
65575,40.6642065,-90.4348506,39.6314,-106.5222,Inf,"Avon, CO, USA","moved to Avon, Colorado US"
65599,37.0942194,-92.4918328,42.6621,-82.9205,Inf,"Macomb, MI, USA","moved to Macomb, MI (ZIP code list)"
65637,41.7571701,-88.3147539,39.7294,-104.8319,Inf,"Aurora, CO, USA","moved to Aurora, Colorado US"
65641,34.0629226,-118.2728204,30.2421,-93.2507,Inf,"Westlake, LA, USA","moved to Westlake, Louisiana US"
65712,33.53232244,131.35029271,,,Inf,"Unknown, NM, USA",no match: removed from the map
65887,32.3410552,-90.3215983,42.0859,-83.9587,Inf,"Clinton, MI, USA","moved to Clinton, MI (ZIP code list)"
65972,40.8584328,-74.1637553,39.0919,-108.449,Inf,"Clifton, CO, USA","moved to Clifton, Colorado US"
66073,31.2146300000001,-97.98256,,,500,"Toppsey, OK, USA",no match: removed from the map
66141,40.6131203,-80.5628478,35.6845,-94.2616,Inf,"Chester, AR, USA","moved to Chester, AR (ZIP code list)"
66146,40.6131203,-80.5628478,35.6845,-94.2616,Inf,"Chester, AR, USA","moved to Chester, AR (ZIP code list)"
66148,40.6131203,-80.5628478,35.6845,-94.2616,Inf,"Chester, AR, USA","moved to Chester, AR (ZIP code list)"
66187,40.8126922,-91.1020205,48.4757,-122.3254,Inf,"Burlington, WA, USA","moved to Burlington, Washington US"
66344,41.6507619,-112.3016234,38.425,-105.0228,500,"Penrose, CO, USA","moved to Penrose, Colorado US"
66524,34.8559899,-100.2135865,40.7039,-105.0086,500,"Wellington, CO, USA","moved to Wellington, Colorado US"
66813,34.0629226,-118.2728204,30.2421,-93.2507,Inf,"Westlake, LA, USA","moved to Westlake, Louisiana US"
66826,32.308087,-86.8175307683269,32.6949,-93.7418,500,"Benton, LA, USA","moved to Benton, Louisiana US"
66829,53.3467000000001,-2.21348999999998,,,Inf,"Handforth, Wilmslow, Cheshire , USA",no match: removed from the map
66994,34.5370339,-86.3944308,40.3643,-74.9513,Inf,"New Hope, PA, USA","moved to New Hope, Pennsylvania US"
67053,41.9529237,-71.4663863,38.8538,-75.4171,Inf,"Lincoln, DE, USA","moved to Lincoln, DE (ZIP code list)"
67061,38.2542376,-85.759407,39.9778,-105.1319,Inf,"Louisville, CO, USA","moved to Louisville, Colorado US"
67138,34.5096839,-96.974653,30.2366,-93.3774,500,"Sulphur, LA, USA","moved to Sulphur, Louisiana US"
67150,38.9942500000001,-104.86375,,,Inf,"FREEWAY BY AIR FORCE BASE, CA, USA",no match: removed from the map
67193,38.9237244,-75.5777033,47.3895,-118.3563,Inf,"Harrington, WA, USA","moved to Harrington, WA (ZIP code list)"
67320,38.4371781071817,-81.4840626965957,,,Inf,"Elkview, WA, USA",no match: removed from the map
67414,32.3086744,-90.1983063,42.2459,-84.4013,Inf,"Jackson, MI, USA","moved to Jackson, Michigan US"
67443,32.612602,-90.0367512,42.1584,-71.1448,Inf,"Canton, MA, USA","moved to Canton, Massachusetts US"
67503,32.612602,-90.0367512,42.3086,-83.4822,Inf,"Canton, MI, USA","moved to Canton, Michigan US"
67531,36.77142,-105.19222,,,Inf,"not shure, ME, USA",no match: removed from the map
67579,32.3086744,-90.1983063,42.2459,-84.4013,Inf,"Jackson, MI, USA","moved to Jackson, Michigan US"
67609,38.661953,-90.5643258,42.6753,-82.7956,500,"Chesterfield, MI, USA","moved to Chesterfield, MI (ZIP code list)"
67631,42.1294712,-80.0852695,40.0503,-105.05,Inf,"Erie, CO, USA","moved to Erie, Colorado US"
67634,28.07944,-80.60756,,,Inf,"Melbourne, VT, USA",no match: removed from the map
67717,33.585888,-86.00350972096774,42.1168,-71.8648,Inf,"Oxford, MA, USA","moved to Oxford, Massachusetts US"
67790,36.4920085,-121.47843967541506,30.2385,-90.9201,Inf,"Gonzales, LA, USA","moved to Gonzales, Louisiana US"
67924,49.2140259120001,-2.13271907499995,,,250,"Jersey , United Kingdom",no match: removed from the map
67932,44.2097400000001,-116.93207,,,Inf,"Feltham, MI, USA",no match: removed from the map
67957,38.6779591,-121.1760583,30.6134,-90.2112,Inf,"Folsom, LA, USA","moved to Folsom, LA (ZIP code list)"
68028,41.7571701,-88.3147539,39.7294,-104.8319,Inf,"Aurora, CO, USA","moved to Aurora, Colorado US"
68110,32.3086744,-90.1983063,42.2459,-84.4013,Inf,"Jackson, MI, USA","moved to Jackson, Michigan US"
68131,41.8927197,-91.1502842,48.2412,-122.3707,Inf,"Stanwood, WA, USA","moved to Stanwood, Washington US"
68368,37.25847,-79.96226,,,Inf,"Sratford, CT, USA",no match: removed from the map
68465,35.0421963,-117.6675604,30.5882,-91.1682,Inf,"Baker, LA, USA","moved to Baker, Louisiana US"
68533,43.1198651474964,-124.400150186514,,,Inf,"Baadon, MI, USA",no match: removed from the map
68572,41.7571701,-88.3147539,39.7294,-104.8319,Inf,"Aurora, CO, USA","moved to Aurora, Colorado US"
68583,41.5910323,-93.6046655,47.4018,-122.3243,Inf,"Des Moines, WA, USA","moved to Des Moines, Washington US"
68685,38.5552946,-100.7234794,33.6952,-80.2109,Inf,"Manning, SC, USA","moved to Manning, South Carolina US"
68779,40.5889300000001,-92.6344,,,500,"Coatsville, IN, USA",no match: removed from the map
68830,48.9420623,-122.3421026,36.2531,-82.1704,Inf,"Hampton, TN, USA","moved to Hampton, TN (ZIP code list)"
68908,33.7322431,-117.0119697,30.2347,-92.5192,Inf,"Egan, LA, USA","moved to Egan, LA (ZIP code list)"
68979,36.4920085,-121.47843967541506,30.2385,-90.9201,Inf,"Gonzales, LA, USA","moved to Gonzales, Louisiana US"
69154,43.729525,-70.241993,41.5515,-70.6148,250,"Falmouth, MA, USA","moved to Falmouth, Massachusetts US"
69156,43.729525,-70.241993,41.5515,-70.6148,250,"Falmouth, MA, USA","moved to Falmouth, Massachusetts US"
69337,32.3086744,-90.1983063,42.2459,-84.4013,Inf,"Jackson, MI, USA","moved to Jackson, Michigan US"
69383,-26.8154058545697,-55.031685629581,18.3802,-65.8313,Inf,"Rio Grande , PE, Puerto Rico","moved to Rio Grande, Rio Grande PR"
69471,32.612602,-90.0367512,42.3086,-83.4822,Inf,"Canton, MI, USA","moved to Canton, Michigan US"
69472,32.3086744,-90.1983063,42.2459,-84.4013,Inf,"Jackson, MI, USA","moved to Jackson, Michigan US"
69668,41.5910323,-93.6046655,47.4018,-122.3243,Inf,"Des Moines, WA, USA","moved to Des Moines, Washington US"
69673,38.5131989,-90.4400578,42.7978,-83.705,Inf,"Fenton, MI, USA","moved to Fenton, Michigan US"
69724,44.7445159,-68.836982,42.064,-72.4134,Inf,"Hampden, MA, USA","moved to Hampden, Massachusetts US"
69746,36.8968052,-76.2602336,42.1195,-71.3251,Inf,"Norfolk, MA, USA","moved to Norfolk, Massachusetts US"
69751,38.9237244,-75.5777033,47.3895,-118.3563,Inf,"Harrington, WA, USA","moved to Harrington, WA (ZIP code list)"
69796,31.75687,34.98925,,,Inf,"Japan, Japan",no match: removed from the map
69829,41.5235808,-90.5770967,47.654,-118.15,Inf,"Davenport, WA, USA","moved to Davenport, Washington US"
69914,39.765997,-121.3074635,42.8306,-71.0023,Inf,"Merrimac, MA, USA","moved to Merrimac, Massachusetts US"
69986,37.7306054,-88.9331256,41.7001,-70.7628,Inf,"Marion , MA, USA","moved to Marion, Massachusetts US"
70012,33.53232244,131.35029271,,,Inf,"unknown, CA, USA",no match: removed from the map
70141,36.7398000000001,-85.20739,,,Inf,"Highway, KS, USA",no match: removed from the map
70218,44.670118,-70.594025,42.3309,-71.0844,250,"Roxbury, MA, USA","moved to Roxbury, MA (ZIP code list)"
70219,40.6642065,-90.4348506,39.6314,-106.5222,Inf,"Avon, CO, USA","moved to Avon, Colorado US"
70220,43.6954424,-116.3540138,39.6553,-106.8286,Inf,"Eagle, CO, USA","moved to Eagle, Colorado US"
70280,33.995044,-118.4668875,29.213,-89.3581,Inf,"Venice, LA, USA","moved to Venice, LA (ZIP code list)"
70439,34.0629226,-118.2728204,30.2421,-93.2507,Inf,"Westlake, LA, USA","moved to Westlake, Louisiana US"
70499,34.5096839,-96.974653,30.2366,-93.3774,500,"Sulphur, LA, USA","moved to Sulphur, Louisiana US"
70680,49.4812093400001,-2.52237303999993,,,250,"Guernsey , United Kingdom",no match: removed from the map
70711,38.2097967,-84.5588311,42.7238,-70.9782,Inf,"Georgetown, MA, USA","moved to Georgetown, MA (ZIP code list)"
70832,34.3663773,-89.5187664,42.8248,-83.2647,Inf,"Oxford, MI, USA","moved to Oxford, Michigan US"
70872,42.4733189,-91.7343327,48.5048,-120.1238,Inf,"Winthrop, WA, USA","moved to Winthrop, WA (ZIP code list)"
70892,37.0942194,-92.4918328,42.6621,-82.9205,Inf,"Macomb, MI, USA","moved to Macomb, MI (ZIP code list)"
70899,32.3528055,-90.8777342,42.12,-85.5328,Inf,"Vicksburg, MI, USA","moved to Vicksburg, Michigan US"
70944,43.729525,-70.241993,41.5515,-70.6148,250,"Falmouth, MA, USA","moved to Falmouth, Massachusetts US"
70986,39.7436184,-93.9982743,42.688,-85.9869,Inf,"Hamilton, MI, USA","moved to Hamilton, MI (ZIP code list)"
71035,41.8927197,-91.1502842,48.2412,-122.3707,Inf,"Stanwood, WA, USA","moved to Stanwood, Washington US"
71045,39.7898333,-75.707989800000007,,,Inf,"Wellington, WA, USA",no match: removed from the map
71118,41.7571701,-88.3147539,39.7294,-104.8319,Inf,"Aurora, CO, USA","moved to Aurora, Colorado US"
71201,41.7571701,-88.3147539,39.7294,-104.8319,Inf,"Aurora, CO, USA","moved to Aurora, Colorado US"
71299,41.7571701,-88.3147539,39.7294,-104.8319,Inf,"Aurora, CO, USA","moved to Aurora, Colorado US"
71308,40.6642065,-90.4348506,39.6314,-106.5222,Inf,"Avon, CO, USA","moved to Avon, Colorado US"
71328,43.3436751,-96.0022965,47.1427,-119.827,Inf,"George, WA, USA","moved to George, WA (ZIP code list)"
71475,31.0104583,-88.0241655,,,Inf,"Bucks, PA, USA",no match: removed from the map
71477,41.0585878,-94.361397,47.7979,-118.4624,Inf,"Creston, WA, USA","moved to Creston, WA (ZIP code list)"
71614,32.3190398,-84.5171411,38.8422,-106.1311,Inf,"Buena Vista, CO, USA","moved to Buena Vista, Colorado US"
71774,39.7990175,-89.6439575,37.4084,-102.6144,Inf,"Springfield, CO, USA","moved to Springfield, Colorado US"
71855,33.0555687,-96.6220692,39.5186,-104.7614,Inf,"Parker, CO, USA","moved to Parker, Colorado US"
71858,13.76669,100.58198,,,Inf,"Television broadcast, FL, USA",no match: removed from the map
71926,36.7291152,-108.205445,37.7809,-90.4218,Inf,"Farmington, MO, USA","moved to Farmington, Missouri US"
71997,40.7344306,-92.8742102,41.6487,-70.3481,Inf,"Centerville, MA, USA","moved to Centerville, Massachusetts US"
72118,41.7571701,-88.3147539,39.7294,-104.8319,Inf,"Aurora, CO, USA","moved to Aurora, Colorado US"
72156,32.3086744,-90.1983063,42.2459,-84.4013,Inf,"Jackson, MI, USA","moved to Jackson, Michigan US"
72191,39.85677,-79.7122199999999,,,Inf,"Broomfield/Lafayette, CO, USA",no match: removed from the map
72216,37.4156088,-86.2191393,,,Inf,"Peonia, CO, USA",no match: removed from the map
72282,42.4733189,-91.7343327,48.5048,-120.1238,Inf,"Winthrop, WA, USA","moved to Winthrop, WA (ZIP code list)"
72292,40.1214612,-80.6556331,,,250,"Dawn, VA, USA",no match: removed from the map
72330,31.8087678,-85.969951,41.7679,-76.7509,Inf,"Troy, PA, USA","moved to Troy, PA (ZIP code list)"
72339,36.0956918,-79.4377991,42.5048,-71.1956,Inf,"Burlington, MA, USA","moved to Burlington, Massachusetts US"
72445,33.3495548,-86.5358159,40.7593,-78.7135,Inf,"Westover, PA, USA","moved to Westover, PA (ZIP code list)"
72461,32.6098566,-85.4807825,40.593,-76.1273,Inf,"Auburn, PA, USA","moved to Auburn, PA (ZIP code list)"
72483,32.6098566,-85.4807825,42.1945,-71.8356,Inf,"Auburn, MA, USA","moved to Auburn, Massachusetts US"
72562,32.6098566,-85.4807825,42.1945,-71.8356,Inf,"Auburn, MA, USA","moved to Auburn, Massachusetts US"
72731,37.7518900000001,-89.44988,,,Inf,"Grimsby, VA, USA",no match: removed from the map
72736,41.7571701,-88.3147539,39.7294,-104.8319,Inf,"Aurora, CO, USA","moved to Aurora, Colorado US"
72742,34.3663773,-89.5187664,42.8248,-83.2647,Inf,"Oxford, MI, USA","moved to Oxford, Michigan US"
72745,32.612602,-90.0367512,42.3086,-83.4822,Inf,"Canton, MI, USA","moved to Canton, Michigan US"
72807,35.5766800000001,-92.17709,,,Inf,"Greers Ferry, GA, USA",no match: removed from the map
73072,47.6144219,-122.192337,36.0591,-86.9598,Inf,"Bellevue, TN, USA","moved to Bellevue, TN (ZIP code list)"
73258,38.7000511,-90.2923359,42.5239,-83.2233,500,"Beverly Hills, MI, USA","moved to Beverly Hills, Michigan US"
73350,41.8927197,-91.1502842,48.2412,-122.3707,Inf,"Stanwood, WA, USA","moved to Stanwood, Washington US"
73382,38.2097967,-84.5588311,42.7238,-70.9782,Inf,"Georgetown, MA, USA","moved to Georgetown, MA (ZIP code list)"
73548,38.4525139253124,-105.010031780763,,,500,"Interstate 80/I-76;  into Colorado begins (, NE, USA",no match: removed from the map
73669,36.7932594,-89.9532508,42.3384,-83.8886,Inf,"Dexter, MI, USA","moved to Dexter, Michigan US"
73911,35.193406499999995,-78.64890721875,39.0024,-104.525,Inf,"Falcon, CO, USA","moved to Falcon, CO (ZIP code list)"
74005,40.75839,-82.5154471,42.0334,-71.2189,Inf,"Mansfield, MA, USA","moved to Mansfield, Massachusetts US"
74028,33.9386985,-103.3366192,36.7525,-92.2124,Inf,"Dora, MO, USA","moved to Dora, MO (ZIP code list)"
74142,-3.87218999999993,-54.22986,,,Inf,"(), PA, Ecuador",no match: removed from the map
74163,32.5841595,-88.1872828,30.5021,-90.7479,250,"Livingston, LA, USA","moved to Livingston, Louisiana US"
74374,38.2542376,-85.759407,39.9778,-105.1319,Inf,"Louisville, CO, USA","moved to Louisville, Colorado US"
74473,39.2103748,-79.9931345,,,Inf,"Arden, AR, USA",no match: removed from the map
74474,39.6036334,-93.3424307,44.3934,-83.8164,Inf,"Hale, MI, USA","moved to Hale, MI (ZIP code list)"
74588,41.6739117,-91.1584904,46.8218,-123.0962,Inf,"Rochester, WA, USA","moved to Rochester, Washington US"
74703,31.1893444,-85.2860437,42.1307,-71.0412,Inf,"Avon, MA, USA","moved to Avon, Massachusetts US"
74873,30.4590793,-91.1528844,41.8712,-71.552,Inf,"Greenville, RI, USA","moved to Greenville, Rhode Island US"
74902,44.6688524,-90.1717987,42.0918,-70.7056,Inf,"Marshfield, MA, USA","moved to Marshfield, Massachusetts US"
74943,31.44953845,-86.95675139521086,39.6333,-105.3172,Inf,"Evergreen, CO, USA","moved to Evergreen, Colorado US"
74957,17.7285037642584,-64.6916678614253,,,Inf,"Highway 85 , AZ, USA",no match: removed from the map
74996,38.7478279,-90.2114995,42.1742,-83.1794,500,"Riverview, MI, USA","moved to Riverview, Michigan US"
75072,39.4527802,-94.3421687,42.6406,-84.5152,Inf,"Holt, MI, USA","moved to Holt, Michigan US"
75154,38.3453291,-90.9809735,42.8209,-82.486,Inf,"St. Clair, MI, USA","moved to Saint Clair, Michigan US"
75185,2.18333000000007,73.1166700000001,,,Inf,"Th Veymandoo , Maldives",no match: removed from the map
75212,40.6736285,-92.1616976,47.2482,-122.3129,Inf,"Milton, WA, USA","moved to Milton, Washington US"
75422,42.8488865,-92.0970758,47.2032,-122.2404,Inf,"Sumner, WA, USA","moved to Sumner, Washington US"
75456,42.294504,-79.099764,,,Inf,"Cherry Creek, CO, USA",no match: removed from the map
75481,38.7000511,-90.2923359,42.5239,-83.2233,500,"Beverly Hills, MI, USA","moved to Beverly Hills, Michigan US"
75787,42.5291439,-94.5341421,47.8849,-120.1584,Inf,"Manson, WA, USA","moved to Manson, Washington US"
75867,33.8358492,-118.3406288,,,Inf,"Torrance, CO, USA",no match: removed from the map
76108,45.5378900000001,-91.66532,,,250,"Campo, IA, USA",no match: removed from the map
76110,34.4325422179649,-77.5669240884925,,,Inf,"Surf City, MI, USA",no match: removed from the map
76181,41.9441774,-94.1137041,41.8459,-71.0828,Inf,"Berkley, MA, USA","moved to Berkley, Massachusetts US"
76229,31.5702088,-85.2503315,29.9747,-92.1343,500,"Abbeville, LA, USA","moved to Abbeville, Louisiana US"
76292,38.2097967,-84.5588311,42.7238,-70.9782,Inf,"Georgetown, MA, USA","moved to Georgetown, MA (ZIP code list)"
76684,42.7738826,-91.8806147,42.4334,-71.4495,Inf,"Maynard, MA, USA","moved to Maynard, Massachusetts US"
76769,38.9889816,-77.090844,,,500,"Westboro, MA, USA",no match: removed from the map
76802,36.4920085,-121.47843967541506,30.2385,-90.9201,Inf,"Gonzales, LA, USA","moved to Gonzales, Louisiana US"
76807,42.5291439,-94.5341421,47.8849,-120.1584,Inf,"Manson, WA, USA","moved to Manson, Washington US"
76828,42.18141,-111.04281,,,250,"CO/WY border , CO, USA",no match: removed from the map
77036,40.9505539,-95.5402755,,,Inf,"Clark, WA, USA",no match: removed from the map
77138,30.2417285,-81.4344522,,,Inf,"Dewey, DE, USA",no match: removed from the map
77283,39.3525383,-88.619224,39.7383,-104.3233,Inf,"Strasburg, CO, USA","moved to Strasburg, Colorado US"
77347,43.2076644,-91.2975835,47.6471,-120.0712,Inf,"Waterville, WA, USA","moved to Waterville, Washington US"
77389,43.9962800000001,-76.1002799999999,,,Inf,"Pillar Point Air Base, CA, USA",no match: removed from the map
77428,32.5841595,-88.1872828,30.5021,-90.7479,250,"Livingston, LA, USA","moved to Livingston, Louisiana US"
77578,39.7390014,-75.6357614,48.0956,-122.5755,Inf,"Greenbank, WA, USA","moved to Greenbank, WA (ZIP code list)"
77633,39.5752639,-76.9959277,42.5459,-71.9106,Inf,"Westminster, MA, USA","moved to Westminster, Massachusetts US"
77765,32.7573626,-94.3451926,39.3535,-105.7703,Inf,"Jefferson, CO, USA","moved to Jefferson, CO (ZIP code list)"
77836,41.3333679,-89.0917497,40.3489,-104.7019,Inf,"La Salle, CO, USA","moved to La Salle, Colorado US"
77896,36.7291152,-108.205445,37.7809,-90.4218,Inf,"Farmington, MO, USA","moved to Farmington, Missouri US"
77897,36.7291152,-108.205445,37.7809,-90.4218,Inf,"Farmington, MO, USA","moved to Farmington, Missouri US"
77922,39.1852184,-78.1652404,42.4523,-71.137,Inf,"Winchester, MA, USA","moved to Winchester, Massachusetts US"
78034,32.612602,-90.0367512,42.1584,-71.1448,Inf,"Canton, MA, USA","moved to Canton, Massachusetts US"
78278,29.5037,-95.0927799999999,,,Inf,"League City, TN, USA",no match: removed from the map
78516,41.8502821,-90.1877485,47.9562,-122.4177,Inf,"Clinton, WA, USA","moved to Clinton, WA (ZIP code list)"
78517,39.0064988,-76.9249742,,,Inf,"Daniels Park, CO, USA",no match: removed from the map
78556,32.3930337,-100.8635106,37.9453,-104.8353,Inf,"Colorado City, CO, USA","moved to Colorado City, Colorado US"
78611,42.8488865,-92.0970758,47.2032,-122.2404,Inf,"Sumner, WA, USA","moved to Sumner, Washington US"
78979,33.0555687,-96.6220692,39.5186,-104.7614,Inf,"Parker, CO, USA","moved to Parker, Colorado US"
79007,33.4334328,-96.1653992,39.4165,-105.6173,Inf,"Bailey, CO, USA","moved to Bailey, CO (ZIP code list)"
79180,34.8659700000001,-111.76381,,,500,"Sedona, CA, USA",no match: removed from the map
79330,33.995044,-118.4668875,29.213,-89.3581,Inf,"Venice, LA, USA","moved to Venice, LA (ZIP code list)"
79404,32.612602,-90.0367512,42.3086,-83.4822,Inf,"Canton, MI, USA","moved to Canton, Michigan US"
79504,32.7962413,-85.1838297,,,Inf,"Fairfax, PA, USA",no match: removed from the map
79622,32.3669656,-86.3006485,41.1704,-76.8769,Inf,"Montgomery, PA, USA","moved to Montgomery, Pennsylvania US"
79665,33.8501200000001,-88.4504899999999,,,Inf,"None, CO, USA",no match: removed from the map
79766,34.1294403571278,-93.1431959482451,,,250,"Arkadelphia, TX, USA",no match: removed from the map
79867,39.3666687,-101.3768295,41.7601,-70.0828,Inf,"Brewster, MA, USA","moved to Brewster, Massachusetts US"
79907,39.7390014,-75.6357614,48.0956,-122.5755,Inf,"Greenbank, WA, USA","moved to Greenbank, WA (ZIP code list)"
79959,48.9420623,-122.3421026,36.2531,-82.1704,Inf,"Hampton, TN, USA","moved to Hampton, TN (ZIP code list)"
79970,25.8875948,-80.1311564,45.3423,-84.9135,Inf,"Bay Harbor, MI, USA","moved to Bay Harbor, MI (ZIP code list)"
79983,33.6337155,-86.8794379,30.5757,-90.9532,500,"Watson, LA, USA","moved to Watson, Louisiana US"
80035,32.3086744,-90.1983063,42.2459,-84.4013,Inf,"Jackson, MI, USA","moved to Jackson, Michigan US"
80133,23.26466,77.4052100000001,,,Inf,"Bhopal, TX, USA",no match: removed from the map
80146,48.9420623,-122.3421026,36.2531,-82.1704,Inf,"Hampton, TN, USA","moved to Hampton, TN (ZIP code list)"
80161,41.6,-74.3,38.6318,-107.6795,Inf,"Crawford, CO, USA","moved to Crawford, CO (ZIP code list)"
80222,41.788253,-89.6953656,42.4376,-71.7606,Inf,"Sterling, MA, USA","moved to Sterling, Massachusetts US"
80238,36.4920085,-121.47843967541506,30.2385,-90.9201,Inf,"Gonzales, LA, USA","moved to Gonzales, Louisiana US"
80240,38.5471327,-122.8163802,40.4775,-104.9014,Inf,"Windsor, CO, USA","moved to Windsor, Colorado US"
80249,27.3338691500001,128.5735827,,,Inf,"Hikilki, MN, China",no match: removed from the map
80332,32.54364,-117.03453,,,250,"Arizona/Californa Border, AZ, USA",no match: removed from the map
80423,64.8080878980001,-151.004157815,,,Inf,"Alaska??, OK, USA",no match: removed from the map
80450,31.75687,34.98925,,,Inf,"Japan, Japan",no match: removed from the map
80486,45.2141249,-112.6346079,39.6069,-105.9409,Inf,"Dillon, CO, USA","moved to Dillon, CO (ZIP code list)"
80572,36.0956918,-79.4377991,42.5048,-71.1956,Inf,"Burlington, MA, USA","moved to Burlington, Massachusetts US"
80581,39.1851824,-93.8828515,43.2681,-82.5308,Inf,"Lexington, MI, USA","moved to Lexington, Michigan US"
80783,43.7610900000001,-95.82822,,,Inf,"Wilmont, AR, USA",no match: removed from the map
80801,33.53232244,131.35029271,,,Inf,"Unknown, VA, USA",no match: removed from the map
80833,38.7744952,-76.0763065,42.0245,-71.1287,Inf,"Easton, MA, USA","moved to Easton, Massachusetts US"
80955,-34.6164699999999,-58.40012,,,Inf,"Mexico , VA, Mexico",no match: removed from the map
81073,41.2758522,-91.1884349,46.251,-119.9017,Inf,"Grandview, WA, USA","moved to Grandview, Washington US"
81213,46.8107645,-90.8182329,37.2256,-107.5981,Inf,"Bayfield, CO, USA","moved to Bayfield, Colorado US"
81224,38.7436121,-108.0729172,32.3269,-90.9245,Inf,"Delta, LA, USA","moved to Delta, LA (ZIP code list)"
81229,38.9237244,-75.5777033,47.3895,-118.3563,Inf,"Harrington, WA, USA","moved to Harrington, WA (ZIP code list)"
81377,34.3663773,-89.5187664,42.8248,-83.2647,Inf,"Oxford, MI, USA","moved to Oxford, Michigan US"
81509,38.7919683,-90.3227803,38.8478,-105.3069,Inf,"Florissant, CO, USA","moved to Florissant, CO (ZIP code list)"
81600,41.5456578,-71.2914388,39.4496,-75.7163,Inf,"Middletown, DE, USA","moved to Middletown, Delaware US"
81727,38.2542376,-85.759407,39.9778,-105.1319,Inf,"Louisville, CO, USA","moved to Louisville, Colorado US"
81791,41.5456578,-71.2914388,39.4496,-75.7163,Inf,"Middletown, DE, USA","moved to Middletown, Delaware US"
81897,38.2542376,-85.759407,39.9778,-105.1319,Inf,"Louisville, CO, USA","moved to Louisville, Colorado US"
81938,38.7259195507101,-90.428924765583,,,Inf,"Camp Seph Mack, PA, USA",no match: removed from the map
81943,39.2214765,-94.5719748,45.8527,-87.0218,Inf,"Gladstone, MI, USA","moved to Gladstone, Michigan US"
82024,40.75839,-82.5154471,42.0334,-71.2189,Inf,"Mansfield, MA, USA","moved to Mansfield, Massachusetts US"
82064,38.7055591,-97.4280856,39.6469,-106.9517,500,"Gypsum, CO, USA","moved to Gypsum, Colorado US"
82135,37.5164926,-122.2941914,42.3959,-71.1787,Inf,"Belmont, MA, USA","moved to Belmont, Massachusetts US"
82233,38.5581072,-91.0120878,42.7591,-83.0384,Inf,"Washington, MI, USA","moved to Washington, MI (ZIP code list)"
82302,42.5291439,-94.5341421,47.8849,-120.1584,Inf,"Manson, WA, USA","moved to Manson, Washington US"
82408,38.5925305,-90.5107453,42.1503,-84.0377,Inf,"Manchester, MI, USA","moved to Manchester, Michigan US"
82564,39.1851824,-93.8828515,43.2681,-82.5308,Inf,"Lexington, MI, USA","moved to Lexington, Michigan US"
82699,41.8927197,-91.1502842,48.2412,-122.3707,Inf,"Stanwood, WA, USA","moved to Stanwood, Washington US"
82702,41.5910323,-93.6046655,47.4018,-122.3243,Inf,"Des Moines, WA, USA","moved to Des Moines, Washington US"
82711,33.7475203,-116.9719684,,,Inf,"Hemet, CO, USA",no match: removed from the map
82762,34.108123,-118.061005,,,Inf,"In-flight sighting, IL, USA",no match: removed from the map
82780,39.9624624,-76.727707,,,Inf,"York, MA, USA",no match: removed from the map
82825,38.5025537,-90.6279044,43.1027,-84.5128,Inf,"Eureka, MI, USA","moved to Eureka, MI (ZIP code list)"
82872,36.8968052,-76.2602336,42.1195,-71.3251,Inf,"Norfolk, MA, USA","moved to Norfolk, Massachusetts US"
82916,41.8502821,-90.1877485,47.9562,-122.4177,Inf,"Clinton, WA, USA","moved to Clinton, WA (ZIP code list)"
82993,34.1029100000001,-84.51875,,,500,"Woodstock, WV, USA",no match: removed from the map
83101,41.1414855,-73.3578955,41.6114,-71.0818,Inf,"Westport, MA, USA","moved to Westport, MA (ZIP code list)"
83195,33.835385,-86.76579058265801,40.3856,-79.7589,Inf,"Trafford, PA, USA","moved to Trafford, Pennsylvania US"
83237,36.8968052,-76.2602336,42.1195,-71.3251,Inf,"Norfolk, MA, USA","moved to Norfolk, Massachusetts US"
83438,42.9782803,-94.738027,48.8794,-118.6042,Inf,"Curlew, WA, USA","moved to Curlew, WA (ZIP code list)"
83476,41.6005332,-93.6611465,,,250,"Drake, MO, USA",no match: removed from the map
83592,39.2236694,-84.4421641,41.8395,-84.748,500,"Reading, MI, USA","moved to Reading, Michigan US"
83634,41.7571701,-88.3147539,39.7294,-104.8319,Inf,"Aurora, CO, USA","moved to Aurora, Colorado US"
83636,43.729525,-70.241993,41.5515,-70.6148,250,"Falmouth, MA, USA","moved to Falmouth, Massachusetts US"
83663,43.2433363,-95.9351617,47.3198,-123.4127,Inf,"Matlock, WA, USA","moved to Matlock, WA (ZIP code list)"
83675,37.860142499999995,-92.39813615084731,42.377,-85.4595,Inf,"Richland, MI, USA","moved to Richland, MI (ZIP code list)"
83704,38.5471327,-122.8163802,42.5131,-73.0502,Inf,"Windsor, MA, USA","moved to Windsor, MA (ZIP code list)"
83800,37.528443,-81.9440093,,,Inf,"War Eagle, AR, USA",no match: removed from the map
83859,32.612602,-90.0367512,42.3086,-83.4822,Inf,"Canton, MI, USA","moved to Canton, Michigan US"
83896,32.612602,-90.0367512,42.3086,-83.4822,Inf,"Canton, MI, USA","moved to Canton, Michigan US"
84203,31.44953845,-86.95675139521086,39.6333,-105.3172,Inf,"Evergreen, CO, USA","moved to Evergreen, Colorado US"
84206,41.7902300000001,-87.85891,,,250,"Country Side, IA, USA",no match: removed from the map
84319,41.403467,-80.3771619999999,,,Inf,"Greenville area, SC, USA",no match: removed from the map
84355,41.3009000000001,-73.6725299999999,,,500,"Goldens Bridge, VA, USA",no match: removed from the map
84393,38.5131989,-90.4400578,42.7978,-83.705,Inf,"Fenton, MI, USA","moved to Fenton, Michigan US"
84420,39.3456301,-81.5229014,,,250,"Central, VA, USA",no match: removed from the map
84442,32.077098,-85.522167,39.8084,-77.0028,Inf,"Midway, PA, USA","moved to Midway, Pennsylvania US"
84460,41.5235808,-90.5770967,47.654,-118.15,Inf,"Davenport, WA, USA","moved to Davenport, Washington US"
84588,38.5581072,-91.0120878,42.7591,-83.0384,Inf,"Washington, MI, USA","moved to Washington, MI (ZIP code list)"
84603,38.9237244,-75.5777033,47.3895,-118.3563,Inf,"Harrington, WA, USA","moved to Harrington, WA (ZIP code list)"
84671,46.4985528,-92.2879727,42.0609,-71.2355,Inf,"Foxboro, MA, USA","moved to Foxboro, MA (ZIP code list)"
84678,38.2542376,-85.759407,39.9778,-105.1319,Inf,"Louisville, CO, USA","moved to Louisville, Colorado US"
84798,28.5977707,-81.3510264,39.883,-105.7605,Inf,"Winter Park, CO, USA","moved to Winter Park, CO (ZIP code list)"
84901,40.6079567,-95.2916488,,,Inf,"Northboro, MA, USA",no match: removed from the map
84903,41.5891800000001,-85.8369499999999,,,250,"Goshen, WI, USA",no match: removed from the map
85041,38.5471327,-122.8163802,40.4775,-104.9014,Inf,"Windsor, CO, USA","moved to Windsor, Colorado US"
85093,40.75839,-82.5154471,42.0334,-71.2189,Inf,"Mansfield, MA, USA","moved to Mansfield, Massachusetts US"
85141,39.3323300000001,-76.6499699999999,,,Inf,"Television program, NM, USA",no match: removed from the map
85211,42.8488865,-92.0970758,47.2032,-122.2404,Inf,"Sumner, WA, USA","moved to Sumner, Washington US"
85285,32.612602,-90.0367512,42.1584,-71.1448,Inf,"Canton, MA, USA","moved to Canton, Massachusetts US"
85288,39.8063247,-76.9842735,42.1132,-70.812,Inf,"Hanover, MA, USA","moved to Hanover, Massachusetts US"
85379,35.193406499999995,-78.64890721875,39.0024,-104.525,Inf,"Falcon, CO, USA","moved to Falcon, CO (ZIP code list)"
85630,41.8927197,-91.1502842,48.2412,-122.3707,Inf,"Stanwood, WA, USA","moved to Stanwood, Washington US"
85712,39.3666687,-101.3768295,41.7601,-70.0828,Inf,"Brewster, MA, USA","moved to Brewster, Massachusetts US"
85819,36.7291152,-108.205445,37.7809,-90.4218,Inf,"Farmington, MO, USA","moved to Farmington, Missouri US"
85975,41.8927197,-91.1502842,48.2412,-122.3707,Inf,"Stanwood, WA, USA","moved to Stanwood, Washington US"
86020,33.53232244,131.35029271,,,Inf,"Unknown, PA, USA",no match: removed from the map
86043,42.9477565832118,-73.6447493304346,,,Inf,"Hudson/Stillwater, WI, USA",no match: removed from the map
86056,41.1099958,-121.1051516,,,Inf,"Pumpkin Center, LA, USA",no match: removed from the map
86097,39.8063247,-76.9842735,42.1132,-70.812,Inf,"Hanover, MA, USA","moved to Hanover, Massachusetts US"
86127,40.8126922,-91.1020205,48.4757,-122.3254,Inf,"Burlington, WA, USA","moved to Burlington, Washington US"
86133,44.324585,-75.251198,39.645,-106.5942,Inf,"Edwards, CO, USA","moved to Edwards, Colorado US"
86366,38.7288492113008,-104.737112256283,,,250,"Ft. Carson ; I-25 south, NM, USA",no match: removed from the map
86452,41.5235808,-90.5770967,47.654,-118.15,Inf,"Davenport, WA, USA","moved to Davenport, Washington US"
86569,41.7571701,-88.3147539,39.7294,-104.8319,Inf,"Aurora, CO, USA","moved to Aurora, Colorado US"
86664,35.193406499999995,-78.64890721875,39.0024,-104.525,Inf,"Falcon, CO, USA","moved to Falcon, CO (ZIP code list)"
86669,41.9529237,-71.4663863,38.8538,-75.4171,Inf,"Lincoln, DE, USA","moved to Lincoln, DE (ZIP code list)"
86746,39.0745515,-78.7291837,,,Inf,"Arkansas , AR, USA",no match: removed from the map
86759,18.979756420231,-97.9035533049094,,,Inf,"Jamaica to Canada , Jamaica",no match: removed from the map
86772,38.9548043,-81.5445683,36.4126,-93.9779,Inf,"Garfield, AR, USA","moved to Garfield, AR (ZIP code list)"
86848,41.7313887,-92.2979429,38.7044,-105.0897,Inf,"Victor, CO, USA","moved to Victor, CO (ZIP code list)"
86871,47.620548,-122.2264453,35.8028,-88.7748,Inf,"Medina, TN, USA","moved to Medina, Tennessee US"
87078,36.7932594,-89.9532508,42.3384,-83.8886,Inf,"Dexter, MI, USA","moved to Dexter, Michigan US"
87084,34.3663773,-89.5187664,42.8248,-83.2647,Inf,"Oxford, MI, USA","moved to Oxford, Michigan US"
87114,42.11321,-97.30634,,,Inf,"Hoskins, IL, USA",no match: removed from the map
87128,41.7571701,-88.3147539,39.7294,-104.8319,Inf,"Aurora, CO, USA","moved to Aurora, Colorado US"
87337,40.6476502,-122.391675,,,Inf,"Silverthorn, CO, USA",no match: removed from the map
87410,39.9430578,-96.6086317,34.4814,-88.4584,Inf,"Marietta, MS, USA","moved to Marietta, MS (ZIP code list)"
87566,42.3420595,-92.6747299,39.6027,-105.208,Inf,"Morrison, CO, USA","moved to Morrison, CO (ZIP code list)"
87715,32.3669656,-86.3006485,41.1704,-76.8769,Inf,"Montgomery, PA, USA","moved to Montgomery, Pennsylvania US"
87768,32.3086744,-90.1983063,42.2459,-84.4013,Inf,"Jackson, MI, USA","moved to Jackson, Michigan US"
87865,36.4920085,-121.47843967541506,30.2385,-90.9201,Inf,"Gonzales, LA, USA","moved to Gonzales, Louisiana US"
88000,41.5235808,-90.5770967,47.654,-118.15,Inf,"Davenport, WA, USA","moved to Davenport, Washington US"
88075,37.0942194,-92.4918328,42.6621,-82.9205,Inf,"Macomb, MI, USA","moved to Macomb, MI (ZIP code list)"
88100,37.9647365,-97.1475347,38.9121,-108.5045,500,"Whitewater, CO, USA","moved to Whitewater, CO (ZIP code list)"
88169,33.0938,-93.54304,,,Inf,"Lake Erling, AZ, USA",no match: removed from the map
88244,48.79119,-107.86194,,,Inf,"Loring, ME, USA",no match: removed from the map
88292,47.6100200000001,-122.18791,,,Inf,"Bellevue, NV, USA",no match: removed from the map
88389,32.3480925,-87.64156063610764,40.8606,-79.2568,Inf,"Dayton, PA, USA","moved to Dayton, PA (ZIP code list)"
88426,45.084411,-92.9104908,39.3847,-105.6292,Inf,"Grant, CO, USA","moved to Grant, CO (ZIP code list)"
88525,39.4211977,-80.1825815,,,Inf,"Whitehall, AR, USA",no match: removed from the map
88541,39.4374800000001,-106.81309,,,Inf,"White River National Forest, AR, USA",no match: removed from the map
88590,39.4808721,-92.0012811,43.7569,-85.6086,Inf,"Paris, MI, USA","moved to Paris, MI (ZIP code list)"
88870,39.1851824,-93.8828515,43.2681,-82.5308,Inf,"Lexington, MI, USA","moved to Lexington, Michigan US"
89135,38.5581072,-91.0120878,42.7591,-83.0384,Inf,"Washington, MI, USA","moved to Washington, MI (ZIP code list)"
89141,33.6337155,-86.8794379,30.5757,-90.9532,500,"Watson, LA, USA","moved to Watson, Louisiana US"
89228,34.5096839,-96.974653,30.2366,-93.3774,500,"Sulphur, LA, USA","moved to Sulphur, Louisiana US"
89273,33.4334328,-96.1653992,39.4165,-105.6173,Inf,"Bailey, CO, USA","moved to Bailey, CO (ZIP code list)"
89310,30.4590793,-91.1528844,41.8712,-71.552,Inf,"Greenville, RI, USA","moved to Greenville, Rhode Island US"
89348,47.3657791,-122.100222,35.5642,-89.6465,Inf,"Covington, TN, USA","moved to Covington, Tennessee US"
89527,33.4334328,-96.1653992,39.4165,-105.6173,Inf,"Bailey, CO, USA","moved to Bailey, CO (ZIP code list)"
89567,38.24735,-76.59774,,,Inf,"Ansel Adams wilderness, CA, USA",no match: removed from the map
89616,33.4363000000001,-112.35831,,,500,"Goodyear, UT, USA",no match: removed from the map
89630,38.5131989,-90.4400578,42.7978,-83.705,Inf,"Fenton, MI, USA","moved to Fenton, Michigan US"
90072,42.2448559,-93.0642491,47.3275,-123.0721,Inf,"Union, WA, USA","moved to Union, WA (ZIP code list)"
90100,33.6337155,-86.8794379,30.5757,-90.9532,500,"Watson, LA, USA","moved to Watson, Louisiana US"
90290,33.382055,-86.961937,32.2413,-92.716,500,"Jonesboro, LA, USA","moved to Jonesboro, Louisiana US"
90303,-2.627871,151.98641596583974,,,250,"Simberi Island , Papua New Guinea",no match: removed from the map
90310,37.5482697,-121.988571,43.4675,-85.942,Inf,"Fremont, MI, USA","moved to Fremont, Michigan US"
90663,31.18309,-89.8536799999999,,,Inf,"West Natcoke, PA, USA",no match: removed from the map
90670,41.8502821,-90.1877485,47.9562,-122.4177,Inf,"Clinton, WA, USA","moved to Clinton, WA (ZIP code list)"
90816,41.5235808,-90.5770967,47.654,-118.15,Inf,"Davenport, WA, USA","moved to Davenport, Washington US"
90854,32.6098566,-85.4807825,40.593,-76.1273,Inf,"Auburn, PA, USA","moved to Auburn, PA (ZIP code list)"
90879,43.729525,-70.241993,41.5515,-70.6148,250,"Falmouth, MA, USA","moved to Falmouth, Massachusetts US"
90927,36.7932594,-89.9532508,42.3384,-83.8886,Inf,"Dexter, MI, USA","moved to Dexter, Michigan US"
90942,32.7558392,-98.9032554,39.4817,-106.0383,Inf,"Breckenridge, CO, USA","moved to Breckenridge, Colorado US"
90969,41.7571701,-88.3147539,39.7294,-104.8319,Inf,"Aurora, CO, USA","moved to Aurora, Colorado US"
91036,32.612602,-90.0367512,42.3086,-83.4822,Inf,"Canton, MI, USA","moved to Canton, Michigan US"
91068,34.5150858,-85.6696885,41.8122,-75.3613,Inf,"Lakewood, PA, USA","moved to Lakewood, PA (ZIP code list)"
91180,33.6009389,-86.9561059,41.4945,-80.3823,Inf,"Adamsville, PA, USA","moved to Adamsville, PA (ZIP code list)"
91187,32.6323536,-87.3191655,32.8794,-92.2641,500,"Marion, LA, USA","moved to Marion, LA (ZIP code list)"
91371,48.9420623,-122.3421026,36.2531,-82.1704,Inf,"Hampton, TN, USA","moved to Hampton, TN (ZIP code list)"
91433,39.7436184,-93.9982743,42.688,-85.9869,Inf,"Hamilton, MI, USA","moved to Hamilton, MI (ZIP code list)"
91475,39.3666687,-101.3768295,41.7601,-70.0828,Inf,"Brewster, MA, USA","moved to Brewster, Massachusetts US"
91480,44.797194,-106.956179,39.6469,-105.0253,500,"Sheridan, CO, USA","moved to Sheridan, Colorado US"
91599,41.2364972,-95.4212061,45.7254,-121.8192,Inf,"Carson, WA, USA","moved to Carson, Washington US"
91710,38.4443875,-91.0082308,41.7849,-85.8575,Inf,"Union, MI, USA","moved to Union, MI (ZIP code list)"
91726,43.0699663,-94.233019,47.279,-122.2521,Inf,"Algona, WA, USA","moved to Algona, Washington US"
91939,48.1810957,-122.1389548,35.2962,-89.6615,Inf,"Arlington, TN, USA","moved to Arlington, Tennessee US"
91992,37.0942194,-92.4918328,42.6621,-82.9205,Inf,"Macomb, MI, USA","moved to Macomb, MI (ZIP code list)"
92014,46.1406074,-68.0400222,42.1601,-72.4759,Inf,"Ludlow, MA, USA","moved to Ludlow, Massachusetts US"
92067,37.7790262,-122.419906,,,Inf,"na, LA, USA",no match: removed from the map
92462,36.3434872,-77.3760817,,,Inf,"Rehoboth, DE, USA",no match: removed from the map
92504,37.6658800000001,-91.84793,,,Inf,"Everywhere, WA, USA",no match: removed from the map
92550,28.3558800389785,-82.2072099206071,,,Inf,"Richland/Pasco, WA, USA",no match: removed from the map
92661,44.6942207,-71.0106316,42.1745,-71.6023,250,"Upton, MA, USA","moved to Upton, Massachusetts US"
92694,37.0942194,-92.4918328,42.6621,-82.9205,Inf,"Macomb, MI, USA","moved to Macomb, MI (ZIP code list)"
92752,40.5791636,-95.2217058,,,Inf,"Blanchard, WA, USA",no match: removed from the map
92769,42.8488865,-92.0970758,47.2032,-122.2404,Inf,"Sumner, WA, USA","moved to Sumner, Washington US"
92793,32.612602,-90.0367512,42.3086,-83.4822,Inf,"Canton, MI, USA","moved to Canton, Michigan US"
92796,32.612602,-90.0367512,42.3086,-83.4822,Inf,"Canton, MI, USA","moved to Canton, Michigan US"
92831,44.6688524,-90.1717987,42.0918,-70.7056,Inf,"Marshfield, MA, USA","moved to Marshfield, Massachusetts US"
92850,34.2553741,-86.6880519,42.0314,-80.2553,Inf,"Fairview, PA, USA","moved to Fairview, Pennsylvania US"
92903,39.92816,-76.80519,,,Inf,"Graybill, IN, USA",no match: removed from the map
93149,38.5471327,-122.8163802,42.5131,-73.0502,Inf,"Windsor, MA, USA","moved to Windsor, MA (ZIP code list)"
93317,41.5910323,-93.6046655,47.4018,-122.3243,Inf,"Des Moines, WA, USA","moved to Des Moines, Washington US"
93364,42.4840907,-91.4555379,47.5559,-122.5449,Inf,"Manchester, WA, USA","moved to Manchester, Washington US"
93444,33.6456583,-86.6836001,31.2657,-92.2005,500,"Center Point, LA, USA","moved to Center Point, LA (ZIP code list)"
93501,33.4017766,-86.954437,40.9748,-80.4937,Inf,"Bessemer, PA, USA","moved to Bessemer, Pennsylvania US"
93696,32.6098566,-85.4807825,42.1945,-71.8356,Inf,"Auburn, MA, USA","moved to Auburn, Massachusetts US"
93778,41.7571701,-88.3147539,39.7294,-104.8319,Inf,"Aurora, CO, USA","moved to Aurora, Colorado US"
94133,44.50679,-70.405884,42.3959,-73.0763,250,"Peru, MA, USA","moved to Peru, MA (ZIP code list)"
94242,38.0667788,-80.9662087,38.9297,-105.1672,Inf,"Divide, CO, USA","moved to Divide, CO (ZIP code list)"
94268,36.7291152,-108.205445,37.7809,-90.4218,Inf,"Farmington, MO, USA","moved to Farmington, Missouri US"
94327,41.7571701,-88.3147539,39.7294,-104.8319,Inf,"Aurora, CO, USA","moved to Aurora, Colorado US"
94335,41.6739117,-91.1584904,46.8218,-123.0962,Inf,"Rochester, WA, USA","moved to Rochester, Washington US"
94397,38.6779591,-121.1760583,30.6134,-90.2112,Inf,"Folsom, LA, USA","moved to Folsom, LA (ZIP code list)"
94526,31.8295972,-86.6177517,41.4045,-80.3912,Inf,"Greenville, PA, USA","moved to Greenville, Pennsylvania US"
94556,37.9043701,-122.5255306,42.8224,-85.4071,Inf,"Alto, MI, USA","moved to Alto, MI (ZIP code list)"
94613,42.53689,-73.22925,,,Inf,"Waynesborough, VA, USA",no match: removed from the map
94685,41.2058030362251,-80.7843647750901,,,250,"Warren/Troy border, MI, USA",no match: removed from the map
94919,51.1285700000001,-2.99563999999998,,,Inf,"UK/England , USA",no match: removed from the map
95105,44.0462362,-123.0220289,30.3772,-90.5834,Inf,"Springfield, LA, USA","moved to Springfield, LA (ZIP code list)"
95265,41.7571701,-88.3147539,39.7294,-104.8319,Inf,"Aurora, CO, USA","moved to Aurora, Colorado US"
95448,39.3666687,-101.3768295,41.7601,-70.0828,Inf,"Brewster, MA, USA","moved to Brewster, Massachusetts US"
95567,41.9529237,-71.4663863,38.8538,-75.4171,Inf,"Lincoln, DE, USA","moved to Lincoln, DE (ZIP code list)"
95630,33.0555687,-96.6220692,39.5186,-104.7614,Inf,"Parker, CO, USA","moved to Parker, Colorado US"
95775,21.465253869,-71.1388134599999,,,Inf,"Grand Turk , Turks and Caicos Islands",no match: removed from the map
95785,45.159967,-92.9932734,39.1361,-103.4699,Inf,"Hugo, CO, USA","moved to Hugo, Colorado US"
95900,40.838926,-89.8864976,42.1229,-72.2009,Inf,"Brimfield, MA, USA","moved to Brimfield, Massachusetts US"
95919,33.05362,-87.9940999999999,,,Inf,"Greene/Lewiston, ME, USA",no match: removed from the map
95978,44.22745,-87.62004,,,500,"Michicot, IN, USA",no match: removed from the map
96193,40.03813,-76.3056686,42.4556,-71.6731,500,"Lancaster, MA, USA","moved to Lancaster, Massachusetts US"
96208,33.995044,-118.4668875,29.213,-89.3581,Inf,"Venice, LA, USA","moved to Venice, LA (ZIP code list)"
96428,32.612602,-90.0367512,42.3086,-83.4822,Inf,"Canton, MI, USA","moved to Canton, Michigan US"
96522,32.6098566,-85.4807825,42.1945,-71.8356,Inf,"Auburn, MA, USA","moved to Auburn, Massachusetts US"
96679,44.6688524,-90.1717987,42.0918,-70.7056,Inf,"Marshfield, MA, USA","moved to Marshfield, Massachusetts US"
96810,39.3075071,-76.4790355,42.632,-70.7828,500,"Essex, MA, USA","moved to Essex, Massachusetts US"
96858,32.3086744,-90.1983063,42.2459,-84.4013,Inf,"Jackson, MI, USA","moved to Jackson, Michigan US"
97029,41.788253,-89.6953656,40.6255,-103.2077,Inf,"Sterling, CO, USA","moved to Sterling, Colorado US"
97190,36.0301134,-114.9826194,39.882,-104.8885,Inf,"Henderson, CO, USA","moved to Henderson, CO (ZIP code list)"
97256,36.97427437,140.19501972,,,Inf,"unknown, AZ, USA",no match: removed from the map
97291,9.06478000000004,-79.43155,,,Inf,"multiple, MA, USA",no match: removed from the map
97351,41.6739117,-91.1584904,46.8218,-123.0962,Inf,"Rochester, WA, USA","moved to Rochester, Washington US"
97668,33.1506744,-96.8236116,39.5744,-106.0975,Inf,"Frisco, CO, USA","moved to Frisco, Colorado US"
97703,38.24735,-76.59774,,,250,"Dolly Sods Wilderness Area, WV, USA",no match: removed from the map
97752,40.8126922,-91.1020205,48.4757,-122.3254,Inf,"Burlington, WA, USA","moved to Burlington, Washington US"
97889,36.0301134,-114.9826194,39.882,-104.8885,Inf,"Henderson, CO, USA","moved to Henderson, CO (ZIP code list)"
97922,40.4416941,-79.9900861,,,Inf,"Pittsburg, CO, USA",no match: removed from the map
98258,42.417712,-92.2150763,42.3611,-72.2038,Inf,"Gilbertville, MA, USA","moved to Gilbertville, MA (ZIP code list)"
98372,41.75838,-86.25417,,,250,"IL/IN state line , IL, USA",no match: removed from the map
98449,49.20568,-2.17989999999998,,,250,"Jersey, Channel Islands , United Kingdom",no match: removed from the map
98494,44.9391565,-123.033121,42.5195,-70.8967,Inf,"Salem, MA, USA","moved to Salem, Massachusetts US"
98543,36.7291152,-108.205445,37.7809,-90.4218,Inf,"Farmington, MO, USA","moved to Farmington, Missouri US"
98544,43.1370751,-93.3813637,48.4643,-122.234,Inf,"Clear Lake, WA, USA","moved to Clear Lake, Washington US"
98606,44.9375863,-93.2563752,38.3234,-107.135,Inf,"Powderhorn, CO, USA","moved to Powderhorn, CO (ZIP code list)"
98609,41.6739117,-91.1584904,46.8218,-123.0962,Inf,"Rochester, WA, USA","moved to Rochester, Washington US"
98666,41.2758522,-91.1884349,46.251,-119.9017,Inf,"Grandview, WA, USA","moved to Grandview, Washington US"
98684,33.0555687,-96.6220692,39.5186,-104.7614,Inf,"Parker, CO, USA","moved to Parker, Colorado US"
99002,37.0942194,-92.4918328,42.6621,-82.9205,Inf,"Macomb, MI, USA","moved to Macomb, MI (ZIP code list)"
99057,31.44953845,-86.95675139521086,39.6333,-105.3172,Inf,"Evergreen, CO, USA","moved to Evergreen, Colorado US"
99066,44.0923700000001,-119.47858,,,500,"Harison, MT, USA",no match: removed from the map
99683,34.39847,-118.91332,,,Inf,"Fillmore, TX, USA",no match: removed from the map
99695,33.53232244,131.35029271,,,Inf,"unknown, CA, USA",no match: removed from the map
99708,41.7571701,-88.3147539,39.7294,-104.8319,Inf,"Aurora, CO, USA","moved to Aurora, Colorado US"
99956,38.366027,-75.6009964,42.8418,-70.8606,Inf,"Salisbury, MA, USA","moved to Salisbury, Massachusetts US"
99962,28.7331100000001,-81.80911,,,Inf,"Broomfiled- Standley Lake, CO, USA",no match: removed from the map
100119,33.1875575,-86.30139671306966,32.861,-91.3885,500,"Oak Grove, LA, USA","moved to Oak Grove, Louisiana US"
100147,31.3607243,-86.4696811,42.6657,-72.8333,Inf,"Heath, MA, USA","moved to Heath, MA (ZIP code list)"
100195,43.729525,-70.241993,41.5515,-70.6148,250,"Falmouth, MA, USA","moved to Falmouth, Massachusetts US"
100613,32.3480925,-87.64156063610764,40.8606,-79.2568,Inf,"Dayton, PA, USA","moved to Dayton, PA (ZIP code list)"
100702,37.5638204,-121.1793811,32.0804,-92.1586,Inf,"Grayson, LA, USA","moved to Grayson, LA (ZIP code list)"
100784,33.9509439,-90.7678781,43.6133,-86.3495,Inf,"Shelby, MI, USA","moved to Shelby, MI (ZIP code list)"
100819,37.2343000000001,-79.94143,,,Inf,"Yellowstone, WY, USA",no match: removed from the map
100928,41.2872118,-94.1852329,,,Inf,"Harrison, WA, USA",no match: removed from the map
100953,39.9912274565178,-85.8418547541372,,,Inf,"In orbit, WA, USA",no match: removed from the map
100999,39.278622,-93.9768876,42.8092,-82.7558,Inf,"Richmond, MI, USA","moved to Richmond, Michigan US"
101144,40.393614,-97.198095,,,Inf,"Western, MA, USA",no match: removed from the map
101180,41.6739117,-91.1584904,46.8218,-123.0962,Inf,"Rochester, WA, USA","moved to Rochester, Washington US"
101209,36.8968052,-76.2602336,42.1195,-71.3251,Inf,"Norfolk, MA, USA","moved to Norfolk, Massachusetts US"
101229,46.4985528,-92.2879727,42.0609,-71.2355,Inf,"Foxboro, MA, USA","moved to Foxboro, MA (ZIP code list)"
101244,37.9340915,-122.5352539,39.2196,-104.8631,Inf,"Larkspur, CO, USA","moved to Larkspur, CO (ZIP code list)"
101252,41.6739117,-91.1584904,46.8218,-123.0962,Inf,"Rochester, WA, USA","moved to Rochester, Washington US"
101258,42.5291439,-94.5341421,47.8849,-120.1584,Inf,"Manson, WA, USA","moved to Manson, Washington US"
101267,41.2758522,-91.1884349,46.251,-119.9017,Inf,"Grandview, WA, USA","moved to Grandview, Washington US"
101282,33.0555687,-96.6220692,39.5186,-104.7614,Inf,"Parker, CO, USA","moved to Parker, Colorado US"
101305,32.612602,-90.0367512,42.3086,-83.4822,Inf,"Canton, MI, USA","moved to Canton, Michigan US"
101311,37.7803037,-90.4226371,42.4645,-83.3763,Inf,"Farmington, MI, USA","moved to Farmington, Michigan US"
101334,32.3528055,-90.8777342,42.12,-85.5328,Inf,"Vicksburg, MI, USA","moved to Vicksburg, Michigan US"
101364,41.6739117,-91.1584904,46.8218,-123.0962,Inf,"Rochester, WA, USA","moved to Rochester, Washington US"
101387,41.6739117,-91.1584904,46.8218,-123.0962,Inf,"Rochester, WA, USA","moved to Rochester, Washington US"
101509,40.3267407,-78.9219698,40.3369,-104.9122,Inf,"Johnstown, CO, USA","moved to Johnstown, Colorado US"
101511,40.3267407,-78.9219698,40.3369,-104.9122,Inf,"Johnstown, CO, USA","moved to Johnstown, Colorado US"
102027,42.2613645,-94.0685672,46.3237,-117.9724,Inf,"Dayton, WA, USA","moved to Dayton, Washington US"
102029,39.2214765,-94.5719748,45.8527,-87.0218,Inf,"Gladstone, MI, USA","moved to Gladstone, Michigan US"
102048,41.1414855,-73.3578955,41.6114,-71.0818,Inf,"Westport, MA, USA","moved to Westport, MA (ZIP code list)"
102066,38.7296252,-120.798546,37.9648,-108.0412,Inf,"Placerville, CO, USA","moved to Placerville, CO (ZIP code list)"
102095,41.6739117,-91.1584904,46.8218,-123.0962,Inf,"Rochester, WA, USA","moved to Rochester, Washington US"
102097,41.1414855,-73.3578955,41.6114,-71.0818,Inf,"Westport, MA, USA","moved to Westport, MA (ZIP code list)"
102253,33.53232244,131.35029271,,,Inf,"unknown, OH, USA",no match: removed from the map
102730,33.581551000000005,-85.90944328674121,39.7854,-75.9788,Inf,"Oxford, PA, USA","moved to Oxford, Pennsylvania US"
102765,33.581551000000005,-85.90944328674121,39.7854,-75.9788,Inf,"Oxford, PA, USA","moved to Oxford, Pennsylvania US"
102824,34.5112588,-89.9399403,39.2802,-105.7954,Inf,"Como, CO, USA","moved to Como, CO (ZIP code list)"
102848,39.3666687,-101.3768295,41.7601,-70.0828,Inf,"Brewster, MA, USA","moved to Brewster, Massachusetts US"
102860,33.581551000000005,-85.90944328674121,39.7854,-75.9788,Inf,"Oxford, PA, USA","moved to Oxford, Pennsylvania US"
102862,44.161026,-70.985413,42.437,-71.5056,250,"Stow, MA, USA","moved to Stow, Massachusetts US"
102927,38.9237244,-75.5777033,47.3895,-118.3563,Inf,"Harrington, WA, USA","moved to Harrington, WA (ZIP code list)"
102996,41.8502821,-90.1877485,47.9562,-122.4177,Inf,"Clinton, WA, USA","moved to Clinton, WA (ZIP code list)"
103005,44.9391565,-123.033121,42.5195,-70.8967,Inf,"Salem, MA, USA","moved to Salem, Massachusetts US"
103038,42.5291439,-94.5341421,47.8849,-120.1584,Inf,"Manson, WA, USA","moved to Manson, Washington US"
103121,38.3453291,-90.9809735,42.8209,-82.486,Inf,"St. Clair, MI, USA","moved to Saint Clair, Michigan US"
103131,32.612602,-90.0367512,42.3086,-83.4822,Inf,"Canton, MI, USA","moved to Canton, Michigan US"
103205,30.6326942,-97.6772311,39.7061,-105.6975,Inf,"Georgetown, CO, USA","moved to Georgetown, Colorado US"
103473,33.581551000000005,-85.90944328674121,39.7854,-75.9788,Inf,"Oxford, PA, USA","moved to Oxford, Pennsylvania US"
103586,41.811108,-87.8232695,40.2247,-105.2714,Inf,"Lyons, CO, USA","moved to Lyons, Colorado US"
103593,41.5235808,-90.5770967,47.654,-118.15,Inf,"Davenport, WA, USA","moved to Davenport, Washington US"
103681,34.8559899,-100.2135865,40.7039,-105.0086,500,"Wellington, CO, USA","moved to Wellington, Colorado US"
104156,44.0462362,-123.0220289,30.3772,-90.5834,Inf,"Springfield, LA, USA","moved to Springfield, LA (ZIP code list)"
104524,36.4920085,-121.47843967541506,30.2385,-90.9201,Inf,"Gonzales, LA, USA","moved to Gonzales, Louisiana US"
104602,47.3657791,-122.100222,35.5642,-89.6465,Inf,"Covington, TN, USA","moved to Covington, Tennessee US"
104614,37.0942194,-92.4918328,42.6621,-82.9205,Inf,"Macomb, MI, USA","moved to Macomb, MI (ZIP code list)"
104621,38.7946252,-90.519829,43.297,-84.1405,500,"St. Charles, MI, USA","moved to Saint Charles, Michigan US"
104779,33.9434059378768,-78.2086581681214,,,Inf,"Island of the Sun , Bolivia",no match: removed from the map
104893,41.7571701,-88.3147539,39.7294,-104.8319,Inf,"Aurora, CO, USA","moved to Aurora, Colorado US"
104945,42.7738826,-91.8806147,42.4334,-71.4495,Inf,"Maynard, MA, USA","moved to Maynard, Massachusetts US"
104949,47.620548,-122.2264453,35.8028,-88.7748,Inf,"Medina, TN, USA","moved to Medina, Tennessee US"
104964,37.860142499999995,-92.39813615084731,42.377,-85.4595,Inf,"Richland, MI, USA","moved to Richland, MI (ZIP code list)"
105034,34.5370339,-86.3944308,40.3643,-74.9513,Inf,"New Hope, PA, USA","moved to New Hope, Pennsylvania US"
105084,38.5581072,-91.0120878,42.7591,-83.0384,Inf,"Washington, MI, USA","moved to Washington, MI (ZIP code list)"
105235,31.5702088,-85.2503315,29.9747,-92.1343,500,"Abbeville, LA, USA","moved to Abbeville, Louisiana US"
105264,37.7306054,-88.9331256,41.7001,-70.7628,Inf,"Marion, MA, USA","moved to Marion, Massachusetts US"
105281,35.1378428,-97.6580904,32.581,-93.8927,500,"Blanchard, LA, USA","moved to Blanchard, Louisiana US"
105310,36.0301134,-114.9826194,39.882,-104.8885,Inf,"Henderson, CO, USA","moved to Henderson, CO (ZIP code list)"
105388,41.788253,-89.6953656,40.6255,-103.2077,Inf,"Sterling, CO, USA","moved to Sterling, Colorado US"
105448,36.7291152,-108.205445,37.7809,-90.4218,Inf,"Farmington, MO, USA","moved to Farmington, Missouri US"
105461,39.0116954,-92.7532411,42.5223,-83.306,Inf,"Franklin, MI, USA","moved to Franklin, Michigan US"
105603,34.8559899,-100.2135865,40.7039,-105.0086,500,"Wellington, CO, USA","moved to Wellington, Colorado US"
105669,41.9958439,-92.5790678,46.4525,-122.7445,Inf,"Toledo, WA, USA","moved to Toledo, WA (ZIP code list)"
106003,44.819314,-119.4211007,39.0917,-104.8728,Inf,"Monument, CO, USA","moved to Monument, Colorado US"
106098,38.6728292,-90.2992808,44.2235,-85.9209,500,"Wellston, MI, USA","moved to Wellston, MI (ZIP code list)"
106103,34.851354,-82.3984882,39.779,-75.5983,Inf,"Greenville, DE, USA","moved to Greenville, Delaware US"
106141,38.7055591,-97.4280856,39.6469,-106.9517,500,"Gypsum, CO, USA","moved to Gypsum, Colorado US"
106154,32.3086744,-90.1983063,42.2459,-84.4013,Inf,"Jackson, MI, USA","moved to Jackson, Michigan US"
106188,33.4484419,-86.9830491,30.5984,-89.9292,500,"Bush, LA, USA","moved to Bush, LA (ZIP code list)"
106237,32.3086744,-90.1983063,42.2459,-84.4013,Inf,"Jackson, MI, USA","moved to Jackson, Michigan US"
106320,38.7919683,-90.3227803,38.8478,-105.3069,Inf,"Florissant, CO, USA","moved to Florissant, CO (ZIP code list)"
106405,31.5090521,-87.8944435,30.8374,-91.2176,250,"Jackson, LA, USA","moved to Jackson, Louisiana US"
106521,41.1414855,-73.3578955,41.6114,-71.0818,Inf,"Westport, MA, USA","moved to Westport, MA (ZIP code list)"
106523,41.1414855,-73.3578955,41.6114,-71.0818,Inf,"Westport, MA, USA","moved to Westport, MA (ZIP code list)"
106708,36.1143660000001,-115.196206,,,Inf,"unknown, LA, USA",no match: removed from the map
106765,43.8006354,-70.1867161,41.7057,-70.2286,250,"Yarmouth, MA, USA","moved to Yarmouth, Massachusetts US"
107277,41.7571701,-88.3147539,39.7294,-104.8319,Inf,"Aurora, CO, USA","moved to Aurora, Colorado US"
107348,35.4881935,-96.8946649896681,40.0375,-107.9131,Inf,"Meeker, CO, USA","moved to Meeker, Colorado US"
107410,33.0555687,-96.6220692,39.5186,-104.7614,Inf,"Parker, CO, USA","moved to Parker, Colorado US"
107451,43.2433363,-95.9351617,47.3198,-123.4127,Inf,"Matlock, WA, USA","moved to Matlock, WA (ZIP code list)"
107659,39.2214765,-94.5719748,45.8527,-87.0218,Inf,"Gladstone, MI, USA","moved to Gladstone, Michigan US"
107682,33.7872568,-117.850308,42.5904,-72.3098,Inf,"Orange, MA, USA","moved to Orange, Massachusetts US"
107692,38.4314865,-81.4859549,37.1633,-77.7514,250,"Ford, VA, USA","moved to Ford, VA (ZIP code list)"
107696,39.2214765,-94.5719748,45.8527,-87.0218,Inf,"Gladstone, MI, USA","moved to Gladstone, Michigan US"
107749,39.0745515,-78.7291837,,,Inf,"Arkansas , AR, USA",no match: removed from the map
107787,44.819314,-119.4211007,39.0917,-104.8728,Inf,"Monument, CO, USA","moved to Monument, Colorado US"
107815,32.612602,-90.0367512,42.3086,-83.4822,Inf,"Canton, MI, USA","moved to Canton, Michigan US"
107949,2.91135615,72.86607553300266,,,Inf,"Maldives , Maldives",no match: removed from the map
108046,33.05362,-87.9940999999999,,,Inf,"Greene/Lewiston, ME, USA",no match: removed from the map
108126,41.5812082774209,-90.4715633143791,,,Inf,"Bettendorf, TX, USA",no match: removed from the map
108232,42.8488865,-92.0970758,47.2032,-122.2404,Inf,"Sumner, WA, USA","moved to Sumner, Washington US"
108235,31.5702088,-85.2503315,29.9747,-92.1343,500,"Abbeville, LA, USA","moved to Abbeville, Louisiana US"
108251,41.7571701,-88.3147539,39.7294,-104.8319,Inf,"Aurora, CO, USA","moved to Aurora, Colorado US"
108262,37.471623,-121.1296949,29.6933,-91.302,Inf,"Patterson, LA, USA","moved to Patterson, Louisiana US"
108344,37.763382,-90.7729061,42.7892,-85.5167,Inf,"Caledonia, MI, USA","moved to Caledonia, Michigan US"
108423,32.612602,-90.0367512,42.3086,-83.4822,Inf,"Canton, MI, USA","moved to Canton, Michigan US"
108503,41.7571701,-88.3147539,39.7294,-104.8319,Inf,"Aurora, CO, USA","moved to Aurora, Colorado US"
108647,40.8126922,-91.1020205,48.4757,-122.3254,Inf,"Burlington, WA, USA","moved to Burlington, Washington US"
108725,46.1188236101714,-108.769653982635,,,250,"Yellowstone North Entrance, WY, USA",no match: removed from the map
108753,42.8488865,-92.0970758,47.2032,-122.2404,Inf,"Sumner, WA, USA","moved to Sumner, Washington US"
108798,35.5228433,-97.3772618,42.244,-71.9923,Inf,"Spencer, MA, USA","moved to Spencer, Massachusetts US"
109052,39.0116954,-92.7532411,42.5223,-83.306,Inf,"Franklin, MI, USA","moved to Franklin, Michigan US"
109104,43.915365,-71.04532095775633,40.5303,-104.7114,Inf,"Eaton, CO, USA","moved to Eaton, Colorado US"
109159,42.5934,-83.01356,,,500,"SerlingHights, IL, USA",no match: removed from the map
109216,34.3663773,-89.5187664,42.8248,-83.2647,Inf,"Oxford, MI, USA","moved to Oxford, Michigan US"
109300,40.335345,-75.9279495,42.5256,-71.0953,Inf,"Reading, MA, USA","moved to Reading, Massachusetts US"
109511,37.471623,-121.1296949,29.6933,-91.302,Inf,"Patterson, LA, USA","moved to Patterson, Louisiana US"
109526,25.0324359789057,-77.3465810377892,,,Inf,"Atlantic Ocean , U.S. Virgin Islands",no match: removed from the map
109551,31.7137668,-87.3130436,29.9602,-90.2156,500,"River Ridge, LA, USA","moved to River Ridge, Louisiana US"
109650,32.3086744,-90.1983063,42.2459,-84.4013,Inf,"Jackson, MI, USA","moved to Jackson, Michigan US"
109680,34.2553741,-86.6880519,42.0314,-80.2553,Inf,"Fairview, PA, USA","moved to Fairview, Pennsylvania US"
109755,38.0228440710001,-78.556583367,,,250,"Albemarle County, MD, USA",no match: removed from the map
109797,38.5471327,-122.8163802,40.4775,-104.9014,Inf,"Windsor, CO, USA","moved to Windsor, Colorado US"
109820,39.52766,-119.81353,,,Inf,"Reno, NE, USA",no match: removed from the map
109956,41.5910323,-93.6046655,47.4018,-122.3243,Inf,"Des Moines, WA, USA","moved to Des Moines, Washington US"
109978,41.7571701,-88.3147539,39.7294,-104.8319,Inf,"Aurora, CO, USA","moved to Aurora, Colorado US"
110057,40.75839,-82.5154471,42.0334,-71.2189,Inf,"Mansfield, MA, USA","moved to Mansfield, Massachusetts US"
110080,42.8488865,-92.0970758,47.2032,-122.2404,Inf,"Sumner, WA, USA","moved to Sumner, Washington US"
110095,42.3420595,-92.6747299,39.6027,-105.208,Inf,"Morrison, CO, USA","moved to Morrison, CO (ZIP code list)"
110117,39.2139900000001,-79.63701,,,Inf,"Unspecified location, TX, USA",no match: removed from the map
110318,38.661953,-90.5643258,42.6753,-82.7956,500,"Chesterfield, MI, USA","moved to Chesterfield, MI (ZIP code list)"
110378,33.9657284392666,-118.420557321951,,,Inf,"Narian, LA, USA",no match: removed from the map
110623,45.1323,-94.5234599999999,,,Inf,"Litchfeild, SC, USA",no match: removed from the map
110664,36.8106500000001,-82.841,,,Inf,"Virginia , Turkey",no match: removed from the map
110721,32.077098,-85.522167,39.8084,-77.0028,Inf,"Midway, PA, USA","moved to Midway, Pennsylvania US"
110772,40.75839,-82.5154471,42.0334,-71.2189,Inf,"Mansfield, MA, USA","moved to Mansfield, Massachusetts US"
110876,37.9315016,-81.1264898,34.2971,-91.3209,Inf,"DeWitt, AR, USA","moved to Dewitt, AR (ZIP code list)"
111027,41.5910323,-93.6046655,47.4018,-122.3243,Inf,"Des Moines, WA, USA","moved to Des Moines, Washington US"
111080,41.7571701,-88.3147539,39.7294,-104.8319,Inf,"Aurora, CO, USA","moved to Aurora, Colorado US"
111209,38.9237244,-75.5777033,47.3895,-118.3563,Inf,"Harrington, WA, USA","moved to Harrington, WA (ZIP code list)"
111225,40.6131203,-80.5628478,37.3568,-77.4416,250,"Chester, VA, USA","moved to Chester, Virginia US"
111248,38.9548043,-81.5445683,36.4126,-93.9779,Inf,"Garfield, AR, USA","moved to Garfield, AR (ZIP code list)"
111294,38.9237244,-75.5777033,47.3895,-118.3563,Inf,"Harrington, WA, USA","moved to Harrington, WA (ZIP code list)"
111386,41.5235808,-90.5770967,47.654,-118.15,Inf,"Davenport, WA, USA","moved to Davenport, Washington US"
111389,38.5925305,-90.5107453,42.1503,-84.0377,Inf,"Manchester, MI, USA","moved to Manchester, Michigan US"
111473,35.1339862,-94.5346655,29.7977,-93.3251,500,"Cameron, LA, USA","moved to Cameron, Louisiana US"
111719,37.9479786,-122.0607963,31.7953,-93.5188,Inf,"Pleasant Hill, LA, USA","moved to Pleasant Hill, LA (ZIP code list)"
111740,41.5910323,-93.6046655,47.4018,-122.3243,Inf,"Des Moines, WA, USA","moved to Des Moines, Washington US"
111761,41.7571701,-88.3147539,39.7294,-104.8319,Inf,"Aurora, CO, USA","moved to Aurora, Colorado US"
111767,41.8502821,-90.1877485,47.9562,-122.4177,Inf,"Clinton, WA, USA","moved to Clinton, WA (ZIP code list)"
111769,37.9340915,-122.5352539,39.2196,-104.8631,Inf,"Larkspur, CO, USA","moved to Larkspur, CO (ZIP code list)"
111783,41.5456578,-71.2914388,39.4496,-75.7163,Inf,"Middletown, DE, USA","moved to Middletown, Delaware US"
111789,38.2542376,-85.759407,39.9778,-105.1319,Inf,"Louisville, CO, USA","moved to Louisville, Colorado US"
111813,41.4178162882175,-87.4955169887981,,,Inf,"In-flight , PA, USA",no match: removed from the map
111821,36.1143660000001,-115.196206,,,Inf,"Uknown, IN, USA",no match: removed from the map
111903,41.7571701,-88.3147539,39.7294,-104.8319,Inf,"Aurora, CO, USA","moved to Aurora, Colorado US"
112058,31.03457,-89.80571,,,Inf,"Sandy Hook State Park, NJ, USA",no match: removed from the map
112059,46.7207737,-92.1040796,39.9528,-105.1686,Inf,"Superior, CO, USA","moved to Superior, Colorado US"
112090,34.2464886,-80.6070391,39.1134,-75.5419,Inf,"Camden, DE, USA","moved to Camden, Delaware US"
112153,46.7207737,-92.1040796,39.9528,-105.1686,Inf,"Superior, CO, USA","moved to Superior, Colorado US"
112167,40.3510822052919,-76.3745570377204,,,Inf,"Lebanon , Lebanon",no match: removed from the map
112216,48.1810957,-122.1389548,35.2962,-89.6615,Inf,"Arlington, TN, USA","moved to Arlington, Tennessee US"
112337,33.4630246,-86.9190049,40.6028,-80.2094,Inf,"Fair Oaks, PA, USA","moved to Fair Oaks, PA (ZIP code list)"
112417,34.0124746,-86.7492195,39.9194,-75.4224,Inf,"Garden City, PA, USA","moved to Garden City, PA (ZIP code list)"
112450,39.1851824,-93.8828515,43.2681,-82.5308,Inf,"Lexington, MI, USA","moved to Lexington, Michigan US"
112549,41.5910323,-93.6046655,47.4018,-122.3243,Inf,"Des Moines, WA, USA","moved to Des Moines, Washington US"
112576,32.308087,-86.8175307683269,32.6949,-93.7418,500,"Benton, LA, USA","moved to Benton, Louisiana US"
112584,39.8063247,-76.9842735,,,Inf,"Hanover, CO, USA",no match: removed from the map
112662,44.7528499,-68.6789218,42.3518,-71.8634,Inf,"Holden, MA, USA","moved to Holden, Massachusetts US"
112723,35.193406499999995,-78.64890721875,39.0024,-104.525,Inf,"Falcon, CO, USA","moved to Falcon, CO (ZIP code list)"
112731,38.7946252,-90.519829,43.297,-84.1405,500,"St. Charles, MI, USA","moved to Saint Charles, Michigan US"
112786,40.03813,-76.3056686,42.4556,-71.6731,500,"Lancaster, MA, USA","moved to Lancaster, Massachusetts US"
112854,47.461256950000006,-122.20991234506889,,,Inf,"Talbot, TN, USA",no match: removed from the map
112914,36.8968052,-76.2602336,42.1195,-71.3251,Inf,"Norfolk, MA, USA","moved to Norfolk, Massachusetts US"
112958,38.9237244,-75.5777033,47.3895,-118.3563,Inf,"Harrington, WA, USA","moved to Harrington, WA (ZIP code list)"
113152,39.66794,-105.02508,,,Inf,"Demands, FL, USA",no match: removed from the map
113193,48.2361000000001,-101.2961,,,Inf,"Minot, UT, USA",no match: removed from the map
113218,32.6098566,-85.4807825,40.593,-76.1273,Inf,"Auburn, PA, USA","moved to Auburn, PA (ZIP code list)"
113255,34.471346749999995,-101.30405487410314,37.8119,-107.6645,500,"Silverton, CO, USA","moved to Silverton, Colorado US"
113259,44.6688524,-90.1717987,42.0918,-70.7056,Inf,"Marshfield, MA, USA","moved to Marshfield, Massachusetts US"
113269,34.23294,-102.4102,,,500,"Earth's Moon, KS, USA",no match: removed from the map
113361,34.0148352,-83.2937659,42.302,-70.9078,Inf,"Hull, MA, USA","moved to Hull, Massachusetts US"
113363,32.5101354,-87.694453,30.303,-90.972,500,"Prairieville, LA, USA","moved to Prairieville, Louisiana US"
113374,41.8927197,-91.1502842,48.2412,-122.3707,Inf,"Stanwood, WA, USA","moved to Stanwood, Washington US"
113557,61.5995703,-149.11109,42.1584,-72.3287,Inf,"Palmer, MA, USA","moved to Palmer, Massachusetts US"
113565,33.53232244,131.35029271,,,Inf,"Unknown, NJ, USA",no match: removed from the map
113608,38.7919683,-90.3227803,38.8478,-105.3069,Inf,"Florissant, CO, USA","moved to Florissant, CO (ZIP code list)"
113636,41.5910323,-93.6046655,47.4018,-122.3243,Inf,"Des Moines, WA, USA","moved to Des Moines, Washington US"
113691,42.7738826,-91.8806147,42.4334,-71.4495,Inf,"Maynard, MA, USA","moved to Maynard, Massachusetts US"
113795,45.7678465464922,-86.5537180941774,,,Inf,"Garden State Parkway around 40 mile mark, NJ, USA",no match: removed from the map
113808,43.220622,-76.814958,39.7427,-106.5866,Inf,"Wolcott , CO, USA","moved to Wolcott, CO (ZIP code list)"
113810,43.8006354,-70.1867161,41.7057,-70.2286,250,"Yarmouth, MA, USA","moved to Yarmouth, Massachusetts US"
113838,48.1810957,-122.1389548,35.2962,-89.6615,Inf,"Arlington, TN, USA","moved to Arlington, Tennessee US"
113928,40.7344306,-92.8742102,41.6487,-70.3481,Inf,"Centerville, MA, USA","moved to Centerville, Massachusetts US"
113931,40.7344306,-92.8742102,41.6487,-70.3481,Inf,"Centerville, MA, USA","moved to Centerville, Massachusetts US"
113984,42.6444914,-91.4011118,47.2501,-122.2937,Inf,"Edgewood, WA, USA","moved to Edgewood, Washington US"
114009,36.8968052,-76.2602336,42.1195,-71.3251,Inf,"Norfolk, MA, USA","moved to Norfolk, Massachusetts US"
114024,44.6688524,-90.1717987,42.0918,-70.7056,Inf,"Marshfield, MA, USA","moved to Marshfield, Massachusetts US"
114062,41.8927197,-91.1502842,48.2412,-122.3707,Inf,"Stanwood, WA, USA","moved to Stanwood, Washington US"
114066,42.6444914,-91.4011118,47.2501,-122.2937,Inf,"Edgewood, WA, USA","moved to Edgewood, Washington US"
114077,47.924169,-100.372361,40.4678,-105.3671,Inf,"Drake, CO, USA","moved to Drake, CO (ZIP code list)"
114085,40.8088861,-96.7077751,42.4259,-71.304,Inf,"Lincoln, MA, USA","moved to Lincoln, Massachusetts US"
114119,41.8522994,-75.7940791,,,Inf,"Heart Lake , CO, USA",no match: removed from the map
114130,47.7191619,-122.2954939,36.2199,-84.1549,Inf,"Lake City, TN, USA","moved to Lake City, TN (ZIP code list)"
114172,32.7558392,-98.9032554,39.4817,-106.0383,Inf,"Breckenridge, CO, USA","moved to Breckenridge, Colorado US"
114179,39.016666,-96.289162,39.3073,-106.1051,500,"Alma, CO, USA","moved to Alma, CO (ZIP code list)"
114289,32.7558392,-98.9032554,39.4817,-106.0383,Inf,"Breckenridge, CO, USA","moved to Breckenridge, Colorado US"
114324,42.1294712,-80.0852695,40.0503,-105.05,Inf,"Erie, CO, USA","moved to Erie, Colorado US"
114331,39.415779,-77.4127562,40.0992,-104.9372,Inf,"Frederick, CO, USA","moved to Frederick, Colorado US"
114341,42.6999921,-91.0742964,42.0279,-71.5809,Inf,"Millville, MA, USA","moved to Millville, Massachusetts US"
114367,40.1684500000001,-76.16698,,,Inf,"Murrell's inland, SC, USA",no match: removed from the map
114426,34.3663773,-89.5187664,42.8248,-83.2647,Inf,"Oxford, MI, USA","moved to Oxford, Michigan US"
114531,33.0555687,-96.6220692,39.5186,-104.7614,Inf,"Parker, CO, USA","moved to Parker, Colorado US"
114569,38.7000511,-90.2923359,42.5239,-83.2233,500,"Beverly Hills, MI, USA","moved to Beverly Hills, Michigan US"
114597,34.0629226,-118.2728204,30.2421,-93.2507,Inf,"Westlake, LA, USA","moved to Westlake, Louisiana US"
114600,30.070005840429,-85.5880640854538,,,250,"Panama City, AL, USA",no match: removed from the map
114703,37.471623,-121.1296949,29.6933,-91.302,Inf,"Patterson, LA, USA","moved to Patterson, Louisiana US"
115054,41.7571701,-88.3147539,39.7294,-104.8319,Inf,"Aurora, CO, USA","moved to Aurora, Colorado US"
115080,31.3125200000001,-89.91856,,,Inf,"Marion-Morganton, NC, USA",no match: removed from the map
115135,33.285669,-86.8099884,42.3932,-72.4037,Inf,"Pelham, MA, USA","moved to Pelham, Massachusetts US"
115139,37.0510596,-122.0585746,30.9182,-90.2701,Inf,"Mount Hermon, LA, USA","moved to Mount Hermon, LA (ZIP code list)"
115319,34.5096839,-96.974653,30.2366,-93.3774,500,"Sulphur, LA, USA","moved to Sulphur, Louisiana US"
115388,39.8063247,-76.9842735,42.1132,-70.812,Inf,"Hanover, MA, USA","moved to Hanover, Massachusetts US"
115397,40.17396,-80.2461714,42.3241,-73.1309,Inf,"Washington, MA, USA","moved to Washington, MA (ZIP code list)"
115578,44.0462362,-123.0220289,30.3772,-90.5834,Inf,"Springfield, LA, USA","moved to Springfield, LA (ZIP code list)"
115676,40.0432201,-75.229284,39.4838,-105.0491,Inf,"Roxborough, CO, USA","moved to Roxborough, CO (ZIP code list)"
115708,35.193406499999995,-78.64890721875,39.0024,-104.525,Inf,"Falcon , CO, USA","moved to Falcon, CO (ZIP code list)"
115756,-35.6,139.5,,,Inf,"Sandy Point , Saint Kitts and Nevis",no match: removed from the map
115818,32.612602,-90.0367512,42.3086,-83.4822,Inf,"Canton, MI, USA","moved to Canton, Michigan US"
115862,32.3086744,-90.1983063,42.2459,-84.4013,Inf,"Jackson, MI, USA","moved to Jackson, Michigan US"
115897,41.5910323,-93.6046655,47.4018,-122.3243,Inf,"Des Moines, WA, USA","moved to Des Moines, Washington US"
115902,43.8006354,-70.1867161,41.7057,-70.2286,250,"Yarmouth, MA, USA","moved to Yarmouth, Massachusetts US"
115909,29.0390605,-80.8971805,39.3031,-102.9804,Inf,"Flagler, CO, USA","moved to Flagler, CO (ZIP code list)"
115915,34.5096839,-96.974653,30.2366,-93.3774,500,"Sulphur, LA, USA","moved to Sulphur, Louisiana US"
115967,41.5910323,-93.6046655,47.4018,-122.3243,Inf,"Des Moines, WA, USA","moved to Des Moines, Washington US"
115983,36.0956918,-79.4377991,42.5048,-71.1956,Inf,"Burlington, MA, USA","moved to Burlington, Massachusetts US"
116088,33.3103907,-85.92191,33.006,-93.4668,500,"Springhill, LA, USA","moved to Springhill, Louisiana US"
116423,42.8488865,-92.0970758,47.2032,-122.2404,Inf,"Sumner, WA, USA","moved to Sumner, Washington US"
116486,34.90774,-85.06229,,,Inf,"Military training site, NM, USA",no match: removed from the map
116670,36.8175665,-94.0882656,44.7193,-84.0002,Inf,"Fairview, MI, USA","moved to Fairview, MI (ZIP code list)"
116850,39.2139900000001,-79.63701,,,Inf,"Unspecified location , TX, USA",no match: removed from the map
116872,41.811108,-87.8232695,40.2247,-105.2714,Inf,"Lyons, CO, USA","moved to Lyons, Colorado US"
116888,39.6036334,-93.3424307,44.3934,-83.8164,Inf,"Hale, MI, USA","moved to Hale, MI (ZIP code list)"
117072,43.8540126,-123.0398029,30.488,-90.8615,Inf,"Walker, LA, USA","moved to Walker, Louisiana US"
117175,41.2659999606394,-110.989808934173,,,Inf,"Evanston, CA, USA",no match: removed from the map
117178,37.6740026,-81.3681585,38.8343,-107.7735,Inf,"Hotchkiss, CO, USA","moved to Hotchkiss, CO (ZIP code list)"
117215,40.21302,-75.27869,53.3224,-3.8241,Inf,"North Wales , United Kingdom",moved to where 1 other report(s) for this place are
117269,30.206105033963,-82.0142499180577,,,Inf,"Baldwin/Jacksonville, MD, USA",no match: removed from the map
117285,43.8540126,-123.0398029,30.488,-90.8615,Inf,"Walker, LA, USA","moved to Walker, Louisiana US"
117337,42.4681795,-92.2183956,46.6865,-123.7329,Inf,"Raymond, WA, USA","moved to Raymond, Washington US"
117341,42.050773,-90.3941166,47.5239,-121.9259,Inf,"Preston, WA, USA","moved to Preston, WA (ZIP code list)"
117391,34.0148352,-83.2937659,42.302,-70.9078,Inf,"Hull, MA, USA","moved to Hull, Massachusetts US"
117426,42.4681795,-92.2183956,46.6865,-123.7329,Inf,"Raymond, WA, USA","moved to Raymond, Washington US"
117439,39.7459468,-75.546589,42.5465,-71.1737,Inf,"Wilmington, MA, USA","moved to Wilmington, Massachusetts US"
117553,33.4956744,-88.4272627,42.856,-82.677,Inf,"Columbus, MI, USA","moved to Columbus, MI (ZIP code list)"
117637,34.5370339,-86.3944308,40.3643,-74.9513,Inf,"New Hope, PA, USA","moved to New Hope, Pennsylvania US"
117686,39.7075473,-90.8476304,42.426,-72.3164,Inf,"New Salem, MA, USA","moved to New Salem, MA (ZIP code list)"
117794,40.93019465,-85.1782259366555,38.7386,-104.2198,Inf,"Yoder, CO, USA","moved to Yoder, CO (ZIP code list)"
117833,45.3661759,-68.0958466,,,500,"Springfield South, MA, USA",no match: removed from the map
117863,31.44953845,-86.95675139521086,39.6333,-105.3172,Inf,"Evergreen, CO, USA","moved to Evergreen, Colorado US"
117979,37.3893889,-122.0832101,,,Inf,"Mountain View, CO, USA",no match: removed from the map
118020,32.3528055,-90.8777342,42.12,-85.5328,Inf,"Vicksburg, MI, USA","moved to Vicksburg, Michigan US"
118084,38.972410000000004,-92.74287,,,500,"Boonville, AR, USA",no match: removed from the map
118181,37.5164926,-122.2941914,42.3959,-71.1787,Inf,"Belmont, MA, USA","moved to Belmont, Massachusetts US"
118183,37.77712,-122.41964,,,Inf,"San Francisco, NY, USA",no match: removed from the map
118214,41.6777241,-93.2452335,46.8802,-117.3644,Inf,"Colfax, WA, USA","moved to Colfax, Washington US"
118285,42.0000342385537,-86.4850904489503,,,Inf,"Stevensville/Washington, D.C., MD, USA",no match: removed from the map
118629,40.00523,-75.70609,,,Inf,"Downingtown, GA, USA",no match: removed from the map
118689,39.3666687,-101.3768295,41.7601,-70.0828,Inf,"Brewster, MA, USA","moved to Brewster, Massachusetts US"
118739,34.24334,-117.28042,,,Inf,"Crestline, TN, USA",no match: removed from the map
118747,34.8559899,-100.2135865,40.7039,-105.0086,500,"Wellington, CO, USA","moved to Wellington, Colorado US"
118774,42.8488865,-92.0970758,47.2032,-122.2404,Inf,"Sumner, WA, USA","moved to Sumner, Washington US"
118851,35.5085531,-78.33936,,,Inf,"Smithfield, MA, USA",no match: removed from the map
118987,46.6565000000001,-122.36372,,,Inf,"Rockies, VT, USA",no match: removed from the map
119000,33.585888,-86.00350972096774,42.1168,-71.8648,Inf,"Oxford, MA, USA","moved to Oxford, Massachusetts US"
119013,38.5131989,-90.4400578,42.7978,-83.705,Inf,"Fenton, MI, USA","moved to Fenton, Michigan US"
119079,40.054753,-88.2517165,42.5896,-73.023,Inf,"Savoy, MA, USA","moved to Savoy, MA (ZIP code list)"
119192,32.612602,-90.0367512,42.3086,-83.4822,Inf,"Canton, MI, USA","moved to Canton, Michigan US"
119349,42.8488865,-92.0970758,47.2032,-122.2404,Inf,"Sumner, WA, USA","moved to Sumner, Washington US"
119369,41.7571701,-88.3147539,39.7294,-104.8319,Inf,"Aurora, CO, USA","moved to Aurora, Colorado US"
119525,40.3492744,-74.6592958,42.4487,-71.8773,Inf,"Princeton, MA, USA","moved to Princeton, Massachusetts US"
119531,30.4397700000001,-84.28065,,,Inf,"Tallahassee, DE, USA",no match: removed from the map
119556,42.8488865,-92.0970758,47.2032,-122.2404,Inf,"Sumner, WA, USA","moved to Sumner, Washington US"
119588,34.13561,-116.05461,,,250,"Twenty Nine Palms, AZ, USA",no match: removed from the map
119603,31.7304339,-86.3096846,39.9081,-75.3256,Inf,"Rutledge, PA, USA","moved to Rutledge, PA (ZIP code list)"
119888,37.471623,-121.1296949,29.6933,-91.302,Inf,"Patterson, LA, USA","moved to Patterson, Louisiana US"
119928,43.1284356,-93.1244839,,,Inf,"Portland, WA, USA",no match: removed from the map
119955,20.0000000000001,-93.9999999999999,,,250,"Bay of Campeche , Mexico",no match: removed from the map
119959,32.0501467,-86.5449739,32.5008,-92.338,500,"Calhoun, LA, USA","moved to Calhoun, LA (ZIP code list)"
119997,43.8540126,-123.0398029,30.488,-90.8615,Inf,"Walker, LA, USA","moved to Walker, Louisiana US"
120270,36.7291152,-108.205445,37.7809,-90.4218,Inf,"Farmington, MO, USA","moved to Farmington, Missouri US"
120340,32.612602,-90.0367512,42.3086,-83.4822,Inf,"Canton, MI, USA","moved to Canton, Michigan US"
120367,32.3410552,-90.3215983,42.0859,-83.9587,Inf,"Clinton, MI, USA","moved to Clinton, MI (ZIP code list)"
120477,39.2214765,-94.5719748,45.8527,-87.0218,Inf,"Gladstone, MI, USA","moved to Gladstone, Michigan US"
120490,36.7291152,-108.205445,37.7809,-90.4218,Inf,"Farmington, MO, USA","moved to Farmington, Missouri US"
120491,41.7571701,-88.3147539,39.7294,-104.8319,Inf,"Aurora, CO, USA","moved to Aurora, Colorado US"
120502,37.9876600000001,-103.54313,,,500,"La Junta, NE, USA",no match: removed from the map
120690,42.50701,-89.03793,,,Inf,"Beloit, WY, USA",no match: removed from the map
120816,36.4920085,-121.47843967541506,30.2385,-90.9201,Inf,"Gonzales, LA, USA","moved to Gonzales, Louisiana US"
120964,45.287448,-69.501572,42.1043,-72.319,Inf,"Monson, MA, USA","moved to Monson, Massachusetts US"
120965,43.729525,-70.241993,41.5515,-70.6148,250,"Falmouth, MA, USA","moved to Falmouth, Massachusetts US"
120986,37.5482697,-121.988571,43.4675,-85.942,Inf,"Fremont, MI, USA","moved to Fremont, Michigan US"
121064,31.9134859,-87.7358367,39.9272,-76.9003,Inf,"Thomasville, PA, USA","moved to Thomasville, PA (ZIP code list)"
121086,33.585888,-86.00350972096774,42.1168,-71.8648,Inf,"Oxford, MA, USA","moved to Oxford, Massachusetts US"
121228,30.5200600000001,-93.0873099999999,,,Inf,"Bel, NY, USA",no match: removed from the map
121377,35.0593000000001,-89.30661,,,250,"Rather not say., IL, USA",no match: removed from the map
121544,33.192915,-98.7375358,,,Inf,"Newcastle, DE, USA",no match: removed from the map
121586,38.5471327,-122.8163802,42.5131,-73.0502,Inf,"Windsor, MA, USA","moved to Windsor, MA (ZIP code list)"
121596,36.17497,-115.13722,,,Inf,"Las Vegas, GA, USA",no match: removed from the map
121621,36.7291152,-108.205445,37.7809,-90.4218,Inf,"Farmington, MO, USA","moved to Farmington, Missouri US"
121713,31.9134859,-87.7358367,39.9272,-76.9003,Inf,"Thomasville, PA, USA","moved to Thomasville, PA (ZIP code list)"
121714,42.1294712,-80.0852695,40.0503,-105.05,Inf,"Erie, CO, USA","moved to Erie, Colorado US"
121734,35.5228433,-97.3772618,42.244,-71.9923,Inf,"Spencer, MA, USA","moved to Spencer, Massachusetts US"
121769,42.8488865,-92.0970758,47.2032,-122.2404,Inf,"Sumner, WA, USA","moved to Sumner, Washington US"
121938,29.6794200384428,-98.0726849185641,,,Inf,"Woods Canyon Lake, GA, USA",no match: removed from the map
122017,35.7659905,-77.9210952,,,Inf,"Deerfield, DE, USA",no match: removed from the map
122051,48.0220426,-122.0554092,35.8311,-83.0968,Inf,"Hartford, TN, USA","moved to Hartford, TN (ZIP code list)"
122077,32.612602,-90.0367512,42.3086,-83.4822,Inf,"Canton, MI, USA","moved to Canton, Michigan US"
122101,38.7919683,-90.3227803,38.8478,-105.3069,Inf,"Florissant, CO, USA","moved to Florissant, CO (ZIP code list)"
122223,38.7478279,-90.2114995,42.1742,-83.1794,500,"Riverview, MI, USA","moved to Riverview, Michigan US"
122240,41.5456578,-71.2914388,39.4496,-75.7163,Inf,"Middletown, DE, USA","moved to Middletown, Delaware US"
122365,40.335345,-75.9279495,42.5256,-71.0953,Inf,"Reading, MA, USA","moved to Reading, Massachusetts US"
122382,44.9391565,-123.033121,42.5195,-70.8967,Inf,"Salem, MA, USA","moved to Salem, Massachusetts US"
122386,33.4334328,-96.1653992,39.4165,-105.6173,Inf,"Bailey, CO, USA","moved to Bailey, CO (ZIP code list)"
122449,41.601278,-83.4620629999999,,,Inf,"Catalina Township, AZ, USA",no match: removed from the map
122493,43.3436751,-96.0022965,47.1427,-119.827,Inf,"George , WA, USA","moved to George, WA (ZIP code list)"
122494,41.4881375,-91.4258091,39.5517,-104.8863,Inf,"Lone Tree, CO, USA","moved to Lone Tree, Colorado US"
122517,41.7571701,-88.3147539,39.7294,-104.8319,Inf,"Aurora, CO, USA","moved to Aurora, Colorado US"
122661,38.7566055,-90.42352,,,500,"Bridgeton, MI, USA",no match: removed from the map
122798,41.7571701,-88.3147539,39.7294,-104.8319,Inf,"Aurora, CO, USA","moved to Aurora, Colorado US"
122818,32.612602,-90.0367512,42.3086,-83.4822,Inf,"Canton, MI, USA","moved to Canton, Michigan US"
122873,37.0942194,-92.4918328,42.6621,-82.9205,Inf,"Macomb, MI, USA","moved to Macomb, MI (ZIP code list)"
122899,41.7571701,-88.3147539,39.7294,-104.8319,Inf,"Aurora, CO, USA","moved to Aurora, Colorado US"
123090,41.5456578,-71.2914388,39.4496,-75.7163,Inf,"Middletown, DE, USA","moved to Middletown, Delaware US"
123115,49.3466000000001,-2.36205999999993,,,Inf,"Guernsey , Guernsey",no match: removed from the map
123270,41.7571701,-88.3147539,39.7294,-104.8319,Inf,"Aurora, CO, USA","moved to Aurora, Colorado US"
123271,41.7571701,-88.3147539,39.7294,-104.8319,Inf,"Aurora, CO, USA","moved to Aurora, Colorado US"
123285,39.613321,-105.016649,42.538,-71.485,Inf,"Littleton, MA, USA","moved to Littleton, MA (ZIP code list)"
123338,38.670742,-120.1135207,38.8274,-102.8241,Inf,"Kit Carson, CO, USA","moved to Kit Carson, CO (ZIP code list)"
123342,39.457334,-75.6613184,47.3469,-118.6071,Inf,"Odessa, WA, USA","moved to Odessa, WA (ZIP code list)"
123543,46.093016,-95.81755,42.6779,-71.8204,Inf,"Ashby, MA, USA","moved to Ashby, Massachusetts US"
123765,32.7174202,-117.1627728,,,Inf,"San Diego, CO, USA",no match: removed from the map
123824,32.612602,-90.0367512,42.3086,-83.4822,Inf,"Canton, MI, USA","moved to Canton, Michigan US"
124016,40.9808209,-73.684294,37.944,-104.8855,Inf,"Rye, CO, USA","moved to Rye, CO (ZIP code list)"
124018,37.860142499999995,-92.39813615084731,42.377,-85.4595,Inf,"Richland, MI, USA","moved to Richland, MI (ZIP code list)"
124022,38.9237244,-75.5777033,47.3895,-118.3563,Inf,"Harrington, WA, USA","moved to Harrington, WA (ZIP code list)"
124023,39.2693000492963,-76.6927349086351,,,Inf,"Manchester to Baltimore, MD, NH, USA",no match: removed from the map
124048,37.5164926,-122.2941914,42.3959,-71.1787,Inf,"Belmont, MA, USA","moved to Belmont, Massachusetts US"
124052,30.239,-90.9207499999999,,,Inf,"Gonzales, ID, USA",no match: removed from the map
124084,48.1810957,-122.1389548,35.2962,-89.6615,Inf,"Arlington, TN, USA","moved to Arlington, Tennessee US"
124303,32.3190398,-84.5171411,38.8422,-106.1311,Inf,"Buena Vista, CO, USA","moved to Buena Vista, Colorado US"
124449,37.0942194,-92.4918328,42.6621,-82.9205,Inf,"Macomb, MI, USA","moved to Macomb, MI (ZIP code list)"
124507,40.6639916,-74.2107006,39.3603,-104.5969,Inf,"Elizabeth, CO, USA","moved to Elizabeth, Colorado US"
124513,40.7943842456141,-76.0446835587583,,,Inf,"Catawissa/Burnsville, MO, USA",no match: removed from the map
124514,42.8488865,-92.0970758,47.2032,-122.2404,Inf,"Sumner, WA, USA","moved to Sumner, Washington US"
124557,33.192915,-98.7375358,,,Inf,"Newcastle, DE, USA",no match: removed from the map
124641,33.4342755,-86.9472148,42.3488,-71.1551,Inf,"Brighton, MA, USA","moved to Brighton, MA (ZIP code list)"
124645,41.7571701,-88.3147539,39.7294,-104.8319,Inf,"Aurora, CO, USA","moved to Aurora, Colorado US"
124765,34.5370339,-86.3944308,40.3643,-74.9513,Inf,"New Hope, PA, USA","moved to New Hope, Pennsylvania US"
124788,41.7571701,-88.3147539,39.7294,-104.8319,Inf,"Aurora, CO, USA","moved to Aurora, Colorado US"
124817,42.6399347,-72.5150062,40.4902,-104.4824,Inf,"Gill, CO, USA","moved to Gill, CO (ZIP code list)"
124847,39.1972316,-94.0230001,41.747,-84.6438,Inf,"Camden, MI, USA","moved to Camden, MI (ZIP code list)"
124885,37.0942194,-92.4918328,42.6621,-82.9205,Inf,"Macomb, MI, USA","moved to Macomb, MI (ZIP code list)"
125238,42.8488865,-92.0970758,47.2032,-122.2404,Inf,"Sumner, WA, USA","moved to Sumner, Washington US"
125259,43.3905600000001,-123.31074,,,250,"Sutherlin, CA, USA",no match: removed from the map
125518,43.729525,-70.241993,41.5515,-70.6148,250,"Falmouth, MA, USA","moved to Falmouth, Massachusetts US"
125529,37.7803037,-90.4226371,42.4645,-83.3763,Inf,"Farmington, MI, USA","moved to Farmington, Michigan US"
125605,39.6214707,-79.7047741,37.7239,-77.7125,250,"Rockville, VA, USA","moved to Rockville, VA (ZIP code list)"
125673,41.7571701,-88.3147539,39.7294,-104.8319,Inf,"Aurora, CO, USA","moved to Aurora, Colorado US"
125758,29.1878100000001,-82.14041,,,Inf,"Ocala, RI, USA",no match: removed from the map
125838,42.1294712,-80.0852695,40.0503,-105.05,Inf,"Erie, CO, USA","moved to Erie, Colorado US"
125887,41.7319325,-93.530215,,,Inf,"Enterprise, WA, USA",no match: removed from the map
125898,40.6398192,-91.7416121,47.0862,-117.1442,Inf,"Farmington, WA, USA","moved to Farmington, WA (ZIP code list)"
126034,38.1903100000001,-121.08948,,,Inf,"Clements, AL, USA",no match: removed from the map
126090,35.19224,-119.19913,,,500,"Levene, AZ, USA",no match: removed from the map
126148,33.0555687,-96.6220692,39.5186,-104.7614,Inf,"Parker, CO, USA","moved to Parker, Colorado US"
126163,36.7291152,-108.205445,37.7809,-90.4218,Inf,"Farmington, MO, USA","moved to Farmington, Missouri US"
126229,33.7872568,-117.850308,42.5904,-72.3098,Inf,"Orange, MA, USA","moved to Orange, Massachusetts US"
126261,51.1285700000001,-2.99563999999998,,,Inf,"UK/England , USA",no match: removed from the map
126273,39.7459468,-75.546589,42.5465,-71.1737,Inf,"Wilmington, MA, USA","moved to Wilmington, Massachusetts US"
126291,42.3420595,-92.6747299,39.6027,-105.208,Inf,"Morrison, CO, USA","moved to Morrison, CO (ZIP code list)"
126343,38.5471327,-122.8163802,40.4775,-104.9014,Inf,"Windsor, CO, USA","moved to Windsor, Colorado US"
126417,32.3410552,-90.3215983,42.0859,-83.9587,Inf,"Clinton, MI, USA","moved to Clinton, MI (ZIP code list)"
126434,32.612602,-90.0367512,42.3086,-83.4822,Inf,"Canton, MI, USA","moved to Canton, Michigan US"
126500,46.1406074,-68.0400222,42.1601,-72.4759,Inf,"Ludlow, MA, USA","moved to Ludlow, Massachusetts US"
126527,40.6131203,-80.5628478,37.3568,-77.4416,250,"Chester, VA, USA","moved to Chester, Virginia US"
126549,32.612602,-90.0367512,42.3086,-83.4822,Inf,"Canton, MI, USA","moved to Canton, Michigan US"
126589,41.1052100000001,-112.87192,,,500,"Lakside, MT, USA",no match: removed from the map
126625,32.612602,-90.0367512,42.3086,-83.4822,Inf,"Canton, MI, USA","moved to Canton, Michigan US"
126635,34.79981,-87.677251,38.3903,-105.1186,Inf,"Florence, CO, USA","moved to Florence, Colorado US"
126683,41.7571701,-88.3147539,39.7294,-104.8319,Inf,"Aurora, CO, USA","moved to Aurora, Colorado US"
126708,41.7571701,-88.3147539,39.7294,-104.8319,Inf,"Aurora, CO, USA","moved to Aurora, Colorado US"
126744,45.084411,-92.9104908,39.3847,-105.6292,Inf,"Grant, CO, USA","moved to Grant, CO (ZIP code list)"
126925,36.0956918,-79.4377991,42.5048,-71.1956,Inf,"Burlington, MA, USA","moved to Burlington, Massachusetts US"
126952,34.79981,-87.677251,38.3903,-105.1186,Inf,"Florence, CO, USA","moved to Florence, Colorado US"
126990,35.5186728,-97.6322648,,,Inf,"Bethany , DE, USA",no match: removed from the map
127051,41.788253,-89.6953656,40.6255,-103.2077,Inf,"Sterling, CO, USA","moved to Sterling, Colorado US"
127142,38.7946252,-90.519829,43.297,-84.1405,500,"St. Charles, MI, USA","moved to Saint Charles, Michigan US"
127282,37.1589392,-89.4428624,,,Inf,"Commerce, MI, USA",no match: removed from the map
127298,32.612602,-90.0367512,42.3086,-83.4822,Inf,"Canton, MI, USA","moved to Canton, Michigan US"
127314,39.9142000000001,-83.1631,,,Inf,"Galloway, NE, USA",no match: removed from the map
127383,31.8277705,-102.3522549,,,Inf,"Interstate , DE, USA",no match: removed from the map
127399,47.6144219,-122.192337,36.0591,-86.9598,Inf,"Bellevue, TN, USA","moved to Bellevue, TN (ZIP code list)"
127406,37.5164926,-122.2941914,42.3959,-71.1787,Inf,"Belmont, MA, USA","moved to Belmont, Massachusetts US"
127418,47.6144219,-122.192337,36.0591,-86.9598,Inf,"Bellevue, TN, USA","moved to Bellevue, TN (ZIP code list)"
127517,42.6444914,-91.4011118,47.2501,-122.2937,Inf,"Edgewood, WA, USA","moved to Edgewood, Washington US"
127552,38.4017642,-81.5459558,40.3294,-104.8552,Inf,"Milliken, CO, USA","moved to Milliken, Colorado US"
127574,41.7571701,-88.3147539,39.7294,-104.8319,Inf,"Aurora, CO, USA","moved to Aurora, Colorado US"
127727,38.2542376,-85.759407,39.9778,-105.1319,Inf,"Louisville, CO, USA","moved to Louisville, Colorado US"
127755,31.44953845,-86.95675139521086,39.6333,-105.3172,Inf,"Evergreen, CO, USA","moved to Evergreen, Colorado US"
127774,36.8025065,-118.1997182,30.6355,-90.5009,Inf,"Independence, LA, USA","moved to Independence, Louisiana US"
127831,39.7459468,-75.546589,42.5465,-71.1737,Inf,"Wilmington, MA, USA","moved to Wilmington, Massachusetts US"
127860,41.5612048,-74.1884806,40.7316,-106.2836,Inf,"Walden, CO, USA","moved to Walden, Colorado US"
127983,43.2970674,-91.9883357,,,Inf,"Ridgeway, CO, USA",no match: removed from the map
128022,40.8126922,-91.1020205,48.4757,-122.3254,Inf,"Burlington, WA, USA","moved to Burlington, Washington US"
128134,40.8126922,-91.1020205,48.4757,-122.3254,Inf,"Burlington, WA, USA","moved to Burlington, Washington US"
128153,38.5131989,-90.4400578,42.7978,-83.705,Inf,"Fenton, MI, USA","moved to Fenton, Michigan US"
128174,-20.53551295,-175.38164406355588,,,Inf,"Tonga , Tonga",no match: removed from the map
128226,48.9881108,-122.7435757,36.1542,-83.7041,Inf,"Blaine, TN, USA","moved to Blaine, Tennessee US"
128233,33.0555687,-96.6220692,39.5186,-104.7614,Inf,"Parker, CO, USA","moved to Parker, Colorado US"
128281,33.0555687,-96.6220692,39.5186,-104.7614,Inf,"Parker, CO, USA","moved to Parker, Colorado US"
128284,38.5471327,-122.8163802,40.4775,-104.9014,Inf,"Windsor, CO, USA","moved to Windsor, Colorado US"
128293,33.0555687,-96.6220692,39.5186,-104.7614,Inf,"Parker, CO, USA","moved to Parker, Colorado US"
128356,36.0301134,-114.9826194,39.882,-104.8885,Inf,"Henderson, CO, USA","moved to Henderson, CO (ZIP code list)"
128461,41.7571701,-88.3147539,39.7294,-104.8319,Inf,"Aurora, CO, USA","moved to Aurora, Colorado US"
128465,41.7571701,-88.3147539,39.7294,-104.8319,Inf,"Aurora, CO, USA","moved to Aurora, Colorado US"
128466,35.429384,-84.6892559999999,,,Inf,"Blue Star Memorial Highway, NJ, USA",no match: removed from the map
128632,40.913915,-73.9970059999999,,,Inf,"anywhere, WA, USA",no match: removed from the map
128701,40.7344306,-92.8742102,41.6487,-70.3481,Inf,"Centerville, MA, USA","moved to Centerville, Massachusetts US"
128971,41.811108,-87.8232695,40.2247,-105.2714,Inf,"Lyons, CO, USA","moved to Lyons, Colorado US"
129038,46.1406074,-68.0400222,42.1601,-72.4759,Inf,"Ludlow, MA, USA","moved to Ludlow, Massachusetts US"
129055,40.40529,-93.43438,,,500,"Hastings/Revanna Townships, MN, USA",no match: removed from the map
129076,34.5370339,-86.3944308,40.3643,-74.9513,Inf,"New Hope, PA, USA","moved to New Hope, Pennsylvania US"
129097,32.3410552,-90.3215983,42.0859,-83.9587,Inf,"Clinton, MI, USA","moved to Clinton, MI (ZIP code list)"
129138,31.1893444,-85.2860437,42.1307,-71.0412,Inf,"Avon, MA, USA","moved to Avon, Massachusetts US"
129164,41.6777241,-93.2452335,46.8802,-117.3644,Inf,"Colfax, WA, USA","moved to Colfax, Washington US"
129234,32.3086744,-90.1983063,42.2459,-84.4013,Inf,"Jackson, MI, USA","moved to Jackson, Michigan US"
129375,42.9782803,-94.738027,48.8794,-118.6042,Inf,"Curlew, WA, USA","moved to Curlew, WA (ZIP code list)"
129433,42.1294712,-80.0852695,40.0503,-105.05,Inf,"Erie, CO, USA","moved to Erie, Colorado US"
129502,34.7650888,-87.6986407,42.1104,-73.3551,Inf,"Sheffield, MA, USA","moved to Sheffield, Massachusetts US"
129613,44.7528499,-68.6789218,42.3518,-71.8634,Inf,"Holden, MA, USA","moved to Holden, Massachusetts US"
129619,40.9999202,-80.3471856,39.5728,-107.5364,Inf,"New Castle, CO, USA","moved to New Castle, Colorado US"
129671,42.7921493,-111.0032647,,,Inf,"Auburn, WI, USA",no match: removed from the map
129674,33.0555687,-96.6220692,39.5186,-104.7614,Inf,"Parker, CO, USA","moved to Parker, Colorado US"
129682,40.9732700000001,-117.73519,,,500,"Winnemucca, UT, USA",no match: removed from the map
129720,42.1294712,-80.0852695,40.0503,-105.05,Inf,"Erie, CO, USA","moved to Erie, Colorado US"
129796,32.7466395989079,-109.101808008453,,,Inf,"Duncan/Comanche area, OK, USA",no match: removed from the map
129860,43.2442467,-92.4363401,47.0034,-123.4088,Inf,"Elma, WA, USA","moved to Elma, Washington US"
130040,41.7571701,-88.3147539,39.7294,-104.8319,Inf,"Aurora, CO, USA","moved to Aurora, Colorado US"
130072,37.7992131,-88.2611509,38.1049,-107.8351,Inf,"Ridgway, CO, USA","moved to Ridgway, CO (ZIP code list)"
130105,39.7459468,-75.546589,42.5465,-71.1737,Inf,"Wilmington, MA, USA","moved to Wilmington, Massachusetts US"
130217,41.7571701,-88.3147539,39.7294,-104.8319,Inf,"Aurora, CO, USA","moved to Aurora, Colorado US"
130307,41.7571701,-88.3147539,39.7294,-104.8319,Inf,"Aurora, CO, USA","moved to Aurora, Colorado US"
130309,38.5131989,-90.4400578,42.7978,-83.705,Inf,"Fenton, MI, USA","moved to Fenton, Michigan US"
130344,41.7571701,-88.3147539,39.7294,-104.8319,Inf,"Aurora, CO, USA","moved to Aurora, Colorado US"
130403,65.5720718,-144.8045677,30.5543,-91.0368,Inf,"Central, LA, USA","moved to Central, Louisiana US"
130469,41.2758522,-91.1884349,46.251,-119.9017,Inf,"Grandview, WA, USA","moved to Grandview, Washington US"
130567,32.3528055,-90.8777342,42.12,-85.5328,Inf,"Vicksburg, MI, USA","moved to Vicksburg, Michigan US"
130688,30.8666200000001,-87.32141,,,Inf,"Spearhead Point Campground, WI, USA",no match: removed from the map
130703,44.161026,-70.985413,42.437,-71.5056,250,"Stow, MA, USA","moved to Stow, Massachusetts US"
130716,42.3420595,-92.6747299,39.6027,-105.208,Inf,"Morrison, CO, USA","moved to Morrison, CO (ZIP code list)"
130726,46.7252795,-101.5026443,38.8043,-106.6305,Inf,"Almont, CO, USA","moved to Almont, CO (ZIP code list)"
130730,39.016666,-96.289162,39.3073,-106.1051,500,"Alma, CO, USA","moved to Alma, CO (ZIP code list)"
130829,35.7899600000001,-78.7811599999999,,,Inf,"Cary, ND, USA",no match: removed from the map
130871,41.7571701,-88.3147539,39.7294,-104.8319,Inf,"Aurora, CO, USA","moved to Aurora, Colorado US"
130966,35.193406499999995,-78.64890721875,39.0024,-104.525,Inf,"Falcon, CO, USA","moved to Falcon, CO (ZIP code list)"
130999,34.7650888,-87.6986407,42.1104,-73.3551,Inf,"Sheffield, MA, USA","moved to Sheffield, Massachusetts US"
131172,41.5456578,-71.2914388,39.4496,-75.7163,Inf,"Middletown, DE, USA","moved to Middletown, Delaware US"
131208,38.661953,-90.5643258,42.6753,-82.7956,500,"Chesterfield, MI, USA","moved to Chesterfield, MI (ZIP code list)"
131216,37.471623,-121.1296949,29.6933,-91.302,Inf,"Patterson, LA, USA","moved to Patterson, Louisiana US"
131290,40.6642065,-90.4348506,39.6314,-106.5222,Inf,"Avon, CO, USA","moved to Avon, Colorado US"
131515,30.7149115,-88.1533355,31.0483,-92.5059,250,"Forest Hill, LA, USA","moved to Forest Hill, LA (ZIP code list)"
131620,33.4334328,-96.1653992,39.4165,-105.6173,Inf,"Bailey, CO, USA","moved to Bailey, CO (ZIP code list)"
131636,40.6131203,-80.5628478,37.3568,-77.4416,250,"Chester, VA, USA","moved to Chester, Virginia US"
131710,36.8025065,-118.1997182,30.6355,-90.5009,Inf,"Independence, LA, USA","moved to Independence, Louisiana US"
131737,39.6036334,-93.3424307,44.3934,-83.8164,Inf,"Hale, MI, USA","moved to Hale, MI (ZIP code list)"
131851,33.9509439,-90.7678781,43.6133,-86.3495,Inf,"Shelby, MI, USA","moved to Shelby, MI (ZIP code list)"
131858,9.06478000000004,-79.43155,,,Inf,"Multiple, IL, USA",no match: removed from the map
131862,46.1406074,-68.0400222,42.1601,-72.4759,Inf,"Ludlow, MA, USA","moved to Ludlow, Massachusetts US"
131917,37.471623,-121.1296949,29.6933,-91.302,Inf,"Patterson, LA, USA","moved to Patterson, Louisiana US"
131918,41.5235808,-90.5770967,47.654,-118.15,Inf,"Davenport, WA, USA","moved to Davenport, Washington US"
131920,41.5235808,-90.5770967,47.654,-118.15,Inf,"Davenport, WA, USA","moved to Davenport, Washington US"
131922,41.5235808,-90.5770967,47.654,-118.15,Inf,"Davenport, WA, USA","moved to Davenport, Washington US"
131928,36.2557086,-77.626919,38.4565,-75.5772,Inf,"Delmar, DE, USA","moved to Delmar, Delaware US"
131948,36.2557086,-77.626919,38.4565,-75.5772,Inf,"Delmar, DE, USA","moved to Delmar, Delaware US"
132001,35.4720300000001,-97.52107,,,Inf,"Oklahoma City, OR, USA",no match: removed from the map
132026,31.5090521,-87.8944435,30.8374,-91.2176,250,"Jackson, LA, USA","moved to Jackson, Louisiana US"
132103,33.192915,-98.7375358,,,Inf,"Newcastle, DE, USA",no match: removed from the map
132124,43.8006354,-70.1867161,41.7057,-70.2286,250,"Yarmouth, MA, USA","moved to Yarmouth, Massachusetts US"
132171,38.3453291,-90.9809735,42.8209,-82.486,Inf,"St. Clair, MI, USA","moved to Saint Clair, Michigan US"
132446,43.8540126,-123.0398029,30.488,-90.8615,Inf,"Walker, LA, USA","moved to Walker, Louisiana US"
132661,42.5460275652236,-82.9889988605897,,,Inf,"Maycomb, AL, USA",no match: removed from the map
132696,65.187578,-123.424983,,,Inf,"DEW Line , USA",no match: removed from the map
132759,29.9743803,-93.9923965,39.9614,-105.5108,Inf,"Nederland, CO, USA","moved to Nederland, Colorado US"
132771,37.55148,-121.9833,,,Inf,"Fremont, NJ, USA",no match: removed from the map
132939,38.3453291,-90.9809735,42.8209,-82.486,Inf,"St. Clair, MI, USA","moved to Saint Clair, Michigan US"
133026,38.9237244,-75.5777033,47.3895,-118.3563,Inf,"Harrington, WA, USA","moved to Harrington, WA (ZIP code list)"
133029,43.8540126,-123.0398029,30.488,-90.8615,Inf,"Walker, LA, USA","moved to Walker, Louisiana US"
133071,41.5910323,-93.6046655,47.4018,-122.3243,Inf,"Des Moines, WA, USA","moved to Des Moines, Washington US"
133108,43.915365,-71.04532095775633,40.5303,-104.7114,Inf,"Eaton, CO, USA","moved to Eaton, Colorado US"
133124,37.0942194,-92.4918328,42.6621,-82.9205,Inf,"Macomb, MI, USA","moved to Macomb, MI (ZIP code list)"
133455,19.0751900000001,72.83975,,,Inf,"Greater Atlanta- south, USA",no match: removed from the map
133478,41.4797157,-91.5812739,48.5772,-119.579,Inf,"Riverside, WA, USA","moved to Riverside, WA (ZIP code list)"
133502,35.193406499999995,-78.64890721875,39.0024,-104.525,Inf,"Falcon, CO, USA","moved to Falcon, CO (ZIP code list)"
133529,41.5235808,-90.5770967,47.654,-118.15,Inf,"Davenport, WA, USA","moved to Davenport, Washington US"
133539,41.5235808,-90.5770967,47.654,-118.15,Inf,"Davenport, WA, USA","moved to Davenport, Washington US"
133558,39.698927245090204,-86.2614048041388,,,Inf,"In-flight , SC, USA",no match: removed from the map
133873,38.27471,-80.92468,,,Inf,"Burl County, NJ, USA",no match: removed from the map
133910,40.75839,-82.5154471,42.0334,-71.2189,Inf,"Mansfield, MA, USA","moved to Mansfield, Massachusetts US"
133912,37.7735394,-122.1877447,,,Inf,"Seminary, LA, USA",no match: removed from the map
133931,31.163771,-85.46863795754717,41.3948,-75.7066,Inf,"Taylor, PA, USA","moved to Taylor, Pennsylvania US"
133978,31.4938990530279,-97.346349749284,,,Inf,"Camp McGregor, NM, USA",no match: removed from the map
134097,32.7558392,-98.9032554,39.4817,-106.0383,Inf,"Breckenridge, CO, USA","moved to Breckenridge, Colorado US"
134108,38.9237244,-75.5777033,47.3895,-118.3563,Inf,"Harrington, WA, USA","moved to Harrington, WA (ZIP code list)"
134223,42.8488865,-92.0970758,47.2032,-122.2404,Inf,"Sumner, WA, USA","moved to Sumner, Washington US"
134321,32.6098566,-85.4807825,42.1945,-71.8356,Inf,"Auburn, MA, USA","moved to Auburn, Massachusetts US"
134331,39.2139900000001,-79.63701,,,Inf,"Location unknown, AZ, USA",no match: removed from the map
134362,38.3240566275213,-77.4722730004897,,,Inf,"Stanford, WA, USA",no match: removed from the map
134662,37.8066881,-100.3482,38.373,-107.5061,250,"Cimarron, CO, USA","moved to Cimarron, CO (ZIP code list)"
134665,32.612602,-90.0367512,42.3086,-83.4822,Inf,"Canton, MI, USA","moved to Canton, Michigan US"
134773,38.6319657,-90.2428756,43.4084,-84.6067,500,"St. Louis, MI, USA","moved to Saint Louis, Michigan US"
134824,30.6326942,-97.6772311,38.6901,-75.3855,Inf,"Georgetown, DE, USA","moved to Georgetown, Delaware US"
134852,41.0072342,-91.9630039,47.3977,-117.1922,Inf,"Fairfield, WA, USA","moved to Fairfield, WA (ZIP code list)"
134871,43.915365,-71.04532095775633,40.5303,-104.7114,Inf,"Eaton, CO, USA","moved to Eaton, Colorado US"
134878,41.7571701,-88.3147539,39.7294,-104.8319,Inf,"Aurora, CO, USA","moved to Aurora, Colorado US"
134903,33.4000633,-91.0551312,43.1775,-85.2528,Inf,"Greenville, MI, USA","moved to Greenville, Michigan US"
135048,33.0555687,-96.6220692,39.5186,-104.7614,Inf,"Parker, CO, USA","moved to Parker, Colorado US"
135085,32.612602,-90.0367512,42.1584,-71.1448,Inf,"Canton, MA, USA","moved to Canton, Massachusetts US"
135111,31.4215482,-85.3373084,40.1731,-77.3986,Inf,"Newville, PA, USA","moved to Newville, Pennsylvania US"
135208,41.811108,-87.8232695,40.2247,-105.2714,Inf,"Lyons, CO, USA","moved to Lyons, Colorado US"
135277,38.5552946,-100.7234794,33.6952,-80.2109,Inf,"Manning, SC, USA","moved to Manning, South Carolina US"
135310,41.811108,-87.8232695,40.2247,-105.2714,Inf,"Lyons, CO, USA","moved to Lyons, Colorado US"
135375,34.851354,-82.3984882,39.779,-75.5983,Inf,"Greenville, DE, USA","moved to Greenville, Delaware US"
135424,36.92733,-82.3623699999999,,,Inf,"rural, CA, USA",no match: removed from the map
135484,37.0942194,-92.4918328,42.6621,-82.9205,Inf,"Macomb, MI, USA","moved to Macomb, MI (ZIP code list)"
135534,42.2630572,-92.691692,47.8411,-118.4378,Inf,"Lincoln, WA, USA","moved to Lincoln, WA (ZIP code list)"
135701,46.7132862,-93.4885687,39.1103,-108.3509,Inf,"Palisade, CO, USA","moved to Palisade, Colorado US"
135715,44.9391565,-123.033121,42.5195,-70.8967,Inf,"Salem, MA, USA","moved to Salem, Massachusetts US"
135734,39.3075071,-76.4790355,42.632,-70.7828,500,"Essex, MA, USA","moved to Essex, Massachusetts US"
135736,39.68778,-84.22603,,,Inf,"Moraine, OK, USA",no match: removed from the map
135755,41.7571701,-88.3147539,39.7294,-104.8319,Inf,"Aurora, CO, USA","moved to Aurora, Colorado US"
135757,40.3267407,-78.9219698,40.3369,-104.9122,Inf,"Johnstown, CO, USA","moved to Johnstown, Colorado US"
135769,41.7571701,-88.3147539,39.7294,-104.8319,Inf,"Aurora, CO, USA","moved to Aurora, Colorado US"
135788,43.7207974,-91.9768224,,,Inf,"Lanesboro, MA, USA",no match: removed from the map
135810,44.40079,-108.93652,,,Inf,"Lake Wiley, NC, USA",no match: removed from the map
135913,40.838926,-89.8864976,42.1229,-72.2009,Inf,"Brimfield, MA, USA","moved to Brimfield, Massachusetts US"
135949,42.3420595,-92.6747299,39.6027,-105.208,Inf,"Morrison, CO, USA","moved to Morrison, CO (ZIP code list)"
136031,30.4590793,-91.1528844,41.8712,-71.552,Inf,"Greenville, RI, USA","moved to Greenville, Rhode Island US"
136077,41.7571701,-88.3147539,39.7294,-104.8319,Inf,"Aurora, CO, USA","moved to Aurora, Colorado US"
136082,41.7571701,-88.3147539,39.7294,-104.8319,Inf,"Aurora, CO, USA","moved to Aurora, Colorado US"
136124,37.9043701,-122.5255306,42.8224,-85.4071,Inf,"Alto, MI, USA","moved to Alto, MI (ZIP code list)"
136177,32.3528055,-90.8777342,42.12,-85.5328,Inf,"Vicksburg, MI, USA","moved to Vicksburg, Michigan US"
136210,37.0422425672832,-88.5625180181887,,,250,"Kentucky, AL, USA",no match: removed from the map
136234,46.7207737,-92.1040796,39.9528,-105.1686,Inf,"Superior, CO, USA","moved to Superior, Colorado US"
136361,34.5370339,-86.3944308,40.3643,-74.9513,Inf,"New Hope, PA, USA","moved to New Hope, Pennsylvania US"
136709,40.8088861,-96.7077751,42.4259,-71.304,Inf,"Lincoln, MA, USA","moved to Lincoln, Massachusetts US"
136790,36.4920085,-121.47843967541506,30.2385,-90.9201,Inf,"gonzales, LA, USA","moved to Gonzales, Louisiana US"
137048,44.9391565,-123.033121,42.5195,-70.8967,Inf,"Salem, MA, USA","moved to Salem, Massachusetts US"
137056,38.5552946,-100.7234794,33.6952,-80.2109,Inf,"Manning, SC, USA","moved to Manning, South Carolina US"
137093,33.3103907,-85.92191,33.006,-93.4668,500,"Springhill, LA, USA","moved to Springhill, Louisiana US"
137196,33.0555687,-96.6220692,39.5186,-104.7614,Inf,"Parker, CO, USA","moved to Parker, Colorado US"
137207,43.915365,-71.04532095775633,40.5303,-104.7114,Inf,"Eaton, CO, USA","moved to Eaton, Colorado US"
137238,36.0956918,-79.4377991,42.5048,-71.1956,Inf,"Burlington, MA, USA","moved to Burlington, Massachusetts US"
137291,32.9243262,-81.4301071,,,Inf,"Milbury, MA, USA",no match: removed from the map
137325,33.585888,-86.00350972096774,42.1168,-71.8648,Inf,"Oxford, MA, USA","moved to Oxford, Massachusetts US"
137341,42.4932575,-83.0062746,42.2126,-72.1912,Inf,"Warren, MA, USA","moved to Warren, Massachusetts US"
137365,42.1990988,-97.5271491,40.6459,-104.7494,500,"Pierce, CO, USA","moved to Pierce, CO (ZIP code list)"
137468,42.2392959,-88.9597115,42.2352,-71.8769,Inf,"Cherry Valley, MA, USA","moved to Cherry Valley, MA (ZIP code list)"
137486,34.7650888,-87.6986407,42.1104,-73.3551,Inf,"Sheffield, MA, USA","moved to Sheffield, Massachusetts US"
137511,46.1406074,-68.0400222,42.1601,-72.4759,Inf,"Ludlow, MA, USA","moved to Ludlow, Massachusetts US"
137515,41.4881375,-91.4258091,39.5517,-104.8863,Inf,"Lone Tree, CO, USA","moved to Lone Tree, Colorado US"
137533,32.3086744,-90.1983063,42.2459,-84.4013,Inf,"Jackson, MI, USA","moved to Jackson, Michigan US"
137541,37.6658800000001,-91.84793,,,Inf,"Everywhere, NJ, USA",no match: removed from the map
137604,34.79981,-87.677251,42.3301,-72.6927,Inf,"Florence, MA, USA","moved to Florence, MA (ZIP code list)"
137647,40.6642065,-90.4348506,39.6314,-106.5222,Inf,"Avon, CO, USA","moved to Avon, Colorado US"
137649,40.6642065,-90.4348506,39.6314,-106.5222,Inf,"Avon, CO, USA","moved to Avon, Colorado US"
137677,41.7571701,-88.3147539,39.7294,-104.8319,Inf,"Aurora, CO, USA","moved to Aurora, Colorado US"
137728,32.6098566,-85.4807825,40.593,-76.1273,Inf,"Auburn, PA, USA","moved to Auburn, PA (ZIP code list)"
137820,34.7650888,-87.6986407,42.1104,-73.3551,Inf,"Sheffield, MA, USA","moved to Sheffield, Massachusetts US"
137847,38.4017642,-81.5459558,40.3294,-104.8552,Inf,"Milliken, CO, USA","moved to Milliken, Colorado US"
137936,32.8067175,-115.3974876,37.7479,-108.0527,Inf,"Rico, CO, USA","moved to Rico, CO (ZIP code list)"
138016,34.1532770000001,-118.255473,,,500,"PHONEX, AZ, USA",no match: removed from the map
138037,33.0555687,-96.6220692,39.5186,-104.7614,Inf,"Parker, CO, USA","moved to Parker, Colorado US"
138117,41.9442722,-85.6346222,42.1812,-72.3606,Inf,"Three Rivers, MA, USA","moved to Three Rivers, Massachusetts US"
138168,40.8126922,-91.1020205,48.4757,-122.3254,Inf,"Burlington, WA, USA","moved to Burlington, Washington US"
138173,41.8927197,-91.1502842,48.2412,-122.3707,Inf,"Stanwood, WA, USA","moved to Stanwood, Washington US"
138218,32.3930337,-100.8635106,37.9453,-104.8353,Inf,"Colorado City, CO, USA","moved to Colorado City, Colorado US"
138264,39.2139900000001,-79.63701,,,Inf,"Unspecified location, OK, USA",no match: removed from the map
138301,33.53232244,131.35029271,,,Inf,"Unknown, CO, USA",no match: removed from the map
138306,43.6954424,-116.3540138,39.6553,-106.8286,Inf,"Eagle, CO, USA","moved to Eagle, Colorado US"
138312,38.4017642,-81.5459558,40.3294,-104.8552,Inf,"Milliken, CO, USA","moved to Milliken, Colorado US"
138323,30.5552959,-87.7109526,40.1775,-78.1004,Inf,"Robertsdale, PA, USA","moved to Robertsdale, PA (ZIP code list)"
138348,37.322150247,-90.0258848569999,,,Inf,"Ballanger County line, WA, USA",no match: removed from the map
138383,41.7571701,-88.3147539,39.7294,-104.8319,Inf,"Aurora, CO, USA","moved to Aurora, Colorado US"
138392,40.7491599,-94.6199387,48.3197,-122.3534,Inf,"Conway, WA, USA","moved to Conway, WA (ZIP code list)"
138394,39.7459468,-75.546589,42.5465,-71.1737,Inf,"Wilmington, MA, USA","moved to Wilmington, Massachusetts US"
138452,33.6719177,-117.7753998,40.2328,-106.8663,Inf,"Oak Creek, CO, USA","moved to Oak Creek, CO (ZIP code list)"
138620,33.53232244,131.35029271,,,Inf,"UNKNOWN, PA, USA",no match: removed from the map
138651,41.7571701,-88.3147539,39.7294,-104.8319,Inf,"Aurora, CO, USA","moved to Aurora, Colorado US"
138658,34.2464886,-80.6070391,39.1134,-75.5419,Inf,"Camden, DE, USA","moved to Camden, Delaware US"
138768,43.315471,-112.164417,39.3689,-107.0328,500,"Basalt, CO, USA","moved to Basalt, Colorado US"
138878,44.04193,-123.14302,,,250,"Western Oregon, CA, USA",no match: removed from the map
139034,32.3930337,-100.8635106,37.9453,-104.8353,Inf,"Colorado City, CO, USA","moved to Colorado City, Colorado US"
139064,39.3260245416391,-84.5205445851468,,,Inf,"Fairfield view, CT, USA",no match: removed from the map
139123,33.4334328,-96.1653992,39.4165,-105.6173,Inf,"Bailey, CO, USA","moved to Bailey, CO (ZIP code list)"
139183,45.74881875,-120.90589581434378,35.779,-87.467,Inf,"Centerville, TN, USA","moved to Centerville, Tennessee US"
139271,39.120514,-84.4157538,43.7599,-84.0515,500,"Linwood, MI, USA","moved to Linwood, MI (ZIP code list)"
139337,34.0685376,-98.1910281,39.7114,-104.2277,Inf,"Byers, CO, USA","moved to Byers, Colorado US"
139532,39.3545700000001,-80.32845,,,Inf,"Haywood, CA, USA",no match: removed from the map
139537,43.1600090000001,-95.3268399999999,,,Inf,"Evertee, WA, USA",no match: removed from the map
139564,41.2364972,-95.4212061,45.7254,-121.8192,Inf,"Carson, WA, USA","moved to Carson, Washington US"
139571,40.7344306,-92.8742102,41.6487,-70.3481,Inf,"Centerville, MA, USA","moved to Centerville, Massachusetts US"
139680,31.8295972,-86.6177517,41.4045,-80.3912,Inf,"Greenville, PA, USA","moved to Greenville, Pennsylvania US"
139687,40.15783,-83.07643,,,250,"Powell, IN, USA",no match: removed from the map
139697,31.8295972,-86.6177517,41.4045,-80.3912,Inf,"Greenville, PA, USA","moved to Greenville, Pennsylvania US"
139799,43.0699663,-94.233019,47.279,-122.2521,Inf,"Algona, WA, USA","moved to Algona, Washington US"
141470,36.7291152,-108.205445,37.7809,-90.4218,Inf,"Farmington, MO, USA","moved to Farmington, Missouri US"
141525,36.7291152,-108.205445,37.7809,-90.4218,Inf,"Farmington, MO, USA","moved to Farmington, Missouri US"
141541,42.9782803,-94.738027,48.8794,-118.6042,Inf,"Curlew, WA, USA","moved to Curlew, WA (ZIP code list)"
141649,33.9323307,-117.5508901,29.9991,-90.4123,Inf,"Norco, LA, USA","moved to Norco, Louisiana US"
141691,41.7571701,-88.3147539,39.7294,-104.8319,Inf,"Aurora, CO, USA","moved to Aurora, Colorado US"
141731,38.7919683,-90.3227803,38.8478,-105.3069,Inf,"Florissant, CO, USA","moved to Florissant, CO (ZIP code list)"
141771,46.9193100000001,-104.00612,,,Inf,"Myrtal Beach, SC, USA",no match: removed from the map
141796,43.8006354,-70.1867161,41.7057,-70.2286,250,"Yarmouth, MA, USA","moved to Yarmouth, Massachusetts US"
141827,25.5384989,-80.4089973,32.6105,-93.5119,Inf,"Princeton, LA, USA","moved to Princeton, LA (ZIP code list)"
141846,33.7872568,-117.850308,42.5904,-72.3098,Inf,"Orange, MA, USA","moved to Orange, Massachusetts US"
141869,36.7291152,-108.205445,37.7809,-90.4218,Inf,"Farmington, MO, USA","moved to Farmington, Missouri US"
141973,45.287448,-69.501572,42.1043,-72.319,Inf,"Monson, MA, USA","moved to Monson, Massachusetts US"
142019,37.7306054,-88.9331256,41.7001,-70.7628,Inf,"Marion, MA, USA","moved to Marion, Massachusetts US"
142023,48.9881108,-122.7435757,36.1542,-83.7041,Inf,"Blaine, TN, USA","moved to Blaine, Tennessee US"
142123,41.6739117,-91.1584904,46.8218,-123.0962,Inf,"Rochester, WA, USA","moved to Rochester, Washington US"
142181,39.9430578,-96.6086317,34.4814,-88.4584,Inf,"Marietta, MS, USA","moved to Marietta, MS (ZIP code list)"
142264,44.7528499,-68.6789218,42.3518,-71.8634,Inf,"Holden, MA, USA","moved to Holden, Massachusetts US"
142273,44.7528499,-68.6789218,42.3518,-71.8634,Inf,"Holden, MA, USA","moved to Holden, Massachusetts US"
142291,39.278622,-93.9768876,42.8092,-82.7558,Inf,"Richmond, MI, USA","moved to Richmond, Michigan US"
142316,41.5235808,-90.5770967,47.654,-118.15,Inf,"Davenport, WA, USA","moved to Davenport, Washington US"
142348,41.7571701,-88.3147539,39.7294,-104.8319,Inf,"Aurora, CO, USA","moved to Aurora, Colorado US"
142443,41.4881375,-91.4258091,39.5517,-104.8863,Inf,"Lone Tree, CO, USA","moved to Lone Tree, Colorado US"
142527,34.108123,-118.061005,,,Inf,"In-flight sighting, WY, USA",no match: removed from the map
142639,30.2094574,-95.7508098,39.077,-75.4889,Inf,"Magnolia, DE, USA","moved to Magnolia, DE (ZIP code list)"
142685,36.7291152,-108.205445,37.7809,-90.4218,Inf,"Farmington, MO, USA","moved to Farmington, Missouri US"
142689,40.3267407,-78.9219698,40.3369,-104.9122,Inf,"Johnstown, CO, USA","moved to Johnstown, Colorado US"
142864,41.7571701,-88.3147539,39.7294,-104.8319,Inf,"Aurora, CO, USA","moved to Aurora, Colorado US"
142886,37.4787459,-75.8788202,39.3023,-104.7261,Inf,"Franktown, CO, USA","moved to Franktown, CO (ZIP code list)"
142920,39.2802226,-76.5746911,40.125,-91.6252,Inf,"Canton, MO, USA","moved to Canton, Missouri US"
142950,34.3663773,-89.5187664,42.8248,-83.2647,Inf,"Oxford, MI, USA","moved to Oxford, Michigan US"
142971,41.811108,-87.8232695,40.2247,-105.2714,Inf,"Lyons, CO, USA","moved to Lyons, Colorado US"
142988,33.53232244,131.35029271,,,Inf,"Unknown, WI, USA",no match: removed from the map
142990,39.2891836,-77.859581,,,Inf,"Charles Town, MA, USA",no match: removed from the map
143005,40.091750948,143.783702384,,,250,"Pacific Ocean , Japan",no match: removed from the map
143018,34.79981,-87.677251,42.3301,-72.6927,Inf,"Florence, MA, USA","moved to Florence, MA (ZIP code list)"
143022,60.98663,-149.51277,,,Inf,"Indian Yake, NY, USA",no match: removed from the map
143202,44.7528499,-68.6789218,42.3518,-71.8634,Inf,"Holden, MA, USA","moved to Holden, Massachusetts US"
143213,43.3436751,-96.0022965,47.1427,-119.827,Inf,"George, WA, USA","moved to George, WA (ZIP code list)"
143240,39.22063465,-81.69375997063837,,,Inf,"Newberry, AR, USA",no match: removed from the map
143339,31.20268,-85.3824299999999,,,500,"Taensa Parish, LA, USA",no match: removed from the map
143501,41.7571701,-88.3147539,39.7294,-104.8319,Inf,"Aurora, CO, USA","moved to Aurora, Colorado US"
143571,44.7528499,-68.6789218,42.3518,-71.8634,Inf,"Holden, MA, USA","moved to Holden, Massachusetts US"
143631,33.5833200000001,-84.3410699999999,,,Inf,"Morrow, IN, USA",no match: removed from the map
143634,42.34738,-71.85615,,,Inf,"Holden, IN, USA",no match: removed from the map
143635,44.7528499,-68.6789218,42.3518,-71.8634,Inf,"Holden, MA, USA","moved to Holden, Massachusetts US"
143789,41.5612048,-74.1884806,40.7316,-106.2836,Inf,"Walden, CO, USA","moved to Walden, Colorado US"
143982,37.33865,-121.88542,,,Inf,"San Jose, GA, USA",no match: removed from the map
144029,34.5096839,-96.974653,30.2366,-93.3774,500,"Sulphur, LA, USA","moved to Sulphur, Louisiana US"
144038,40.6131203,-80.5628478,37.3568,-77.4416,250,"Chester, VA, USA","moved to Chester, Virginia US"
144048,39.3108745,-91.4884887,41.9028,-85.877,Inf,"Vandalia, MI, USA","moved to Vandalia, MI (ZIP code list)"
144322,35.35384,-101.38179,,,Inf,"Panhandle/Big Bend area, FL, USA",no match: removed from the map
144526,38.2097967,-84.5588311,42.7238,-70.9782,Inf,"Georgetown, MA, USA","moved to Georgetown, MA (ZIP code list)"
144595,38.3908555,-93.3346497,44.7209,-83.4336,Inf,"Lincoln, MI, USA","moved to Lincoln, MI (ZIP code list)"
144690,41.6507619,-112.3016234,38.425,-105.0228,500,"Penrose, CO, USA","moved to Penrose, Colorado US"
144691,32.3086744,-90.1983063,42.2459,-84.4013,Inf,"Jackson, MI, USA","moved to Jackson, Michigan US"
144693,44.1036988,-69.1075562,42.1307,-70.9162,250,"Rockland, MA, USA","moved to Rockland, Massachusetts US"
144731,44.7528499,-68.6789218,42.3518,-71.8634,Inf,"Holden, MA, USA","moved to Holden, Massachusetts US"
144748,42.8488865,-92.0970758,47.2032,-122.2404,Inf,"Sumner, WA, USA","moved to Sumner, Washington US"
144758,47.26334,-101.777946,38.0869,-104.9223,Inf,"Beulah, CO, USA","moved to Beulah, CO (ZIP code list)"
144774,41.5235808,-90.5770967,47.654,-118.15,Inf,"Davenport, WA, USA","moved to Davenport, Washington US"
144789,44.7528499,-68.6789218,42.3518,-71.8634,Inf,"Holden, MA, USA","moved to Holden, Massachusetts US"
144816,12.1084000000001,-68.9335399999999,,,Inf,"Willemstad, CA, USA",no match: removed from the map
144831,44.819314,-119.4211007,39.0917,-104.8728,Inf,"Monument, CO, USA","moved to Monument, Colorado US"
144860,43.8446296,-92.1880907,,,Inf,"Chatfield, CO, USA",no match: removed from the map
144981,33.55687325,131.39978504,,,Inf,"Matsusaka , USA",no match: removed from the map
145003,43.01962,-76.10634,,,Inf,"Drummins, TN, USA",no match: removed from the map
145078,32.3086744,-90.1983063,42.2459,-84.4013,Inf,"Jackson, MI, USA","moved to Jackson, Michigan US"
145083,44.819314,-119.4211007,39.0917,-104.8728,Inf,"Monument , CO, USA","moved to Monument, Colorado US"
145167,43.0204400000001,-71.60024,,,Inf,"Goffstown, OH, USA",no match: removed from the map
145337,36.92733,-82.3623699999999,,,Inf,"Rural, MT, USA",no match: removed from the map
145346,40.335345,-75.9279495,42.5256,-71.0953,Inf,"Reading, MA, USA","moved to Reading, Massachusetts US"
145459,33.53232244,131.35029271,,,Inf,"unknown, MA, USA",no match: removed from the map
145532,32.3086744,-90.1983063,42.2459,-84.4013,Inf,"Jackson, MI, USA","moved to Jackson, Michigan US"
145632,34.8659700000001,-111.76381,,,Inf,"Sedona, CT, USA",no match: removed from the map
145688,41.7571701,-88.3147539,39.7294,-104.8319,Inf,"Aurora, CO, USA","moved to Aurora, Colorado US"
145726,30.5815828,-87.2913629,,,250,"Gonzalez, LA, USA",no match: removed from the map
145807,40.0282050740649,-98.0666552580935,,,Inf,"Superior, ID, USA",no match: removed from the map
146178,37.0510596,-122.0585746,30.9182,-90.2701,Inf,"Mt. Hermon, LA, USA","moved to Mount Hermon, LA (ZIP code list)"
146192,52.2863960000001,-106.669194,,,500,"Martensville, SK, USA",no match: removed from the map
146210,38.3908555,-93.3346497,44.7209,-83.4336,Inf,"Lincoln, MI, USA","moved to Lincoln, MI (ZIP code list)"
146370,36.0956918,-79.4377991,42.5048,-71.1956,Inf,"Burlington, MA, USA","moved to Burlington, Massachusetts US"
146378,39.8695516,-104.985181,,,Inf,"Thornton, MA, USA",no match: removed from the map
146442,46.7207737,-92.1040796,39.9528,-105.1686,Inf,"Superior, CO, USA","moved to Superior, Colorado US"
146484,36.9617900000001,-85.3796599999999,,,Inf,"Shuksin picnic area, WA, USA",no match: removed from the map
146518,34.2262870000001,-87.622805,,,Inf,"Cabo San Lucas , WA, USA",no match: removed from the map
146757,35.5228433,-97.3772618,42.244,-71.9923,Inf,"Spencer, MA, USA","moved to Spencer, Massachusetts US"
146808,41.7571701,-88.3147539,39.7294,-104.8319,Inf,"Aurora, CO, USA","moved to Aurora, Colorado US"
146851,33.192915,-98.7375358,,,Inf,"Newcastle, DE, USA",no match: removed from the map
146865,37.7489,-97.7319899999999,,,Inf,"St. Joe, MN, USA",no match: removed from the map
147017,33.53232244,131.35029271,,,Inf,"unknown- airplane, GA, USA",no match: removed from the map
147157,46.093016,-95.81755,42.6779,-71.8204,Inf,"Ashby, MA, USA","moved to Ashby, Massachusetts US"
147221,33.7271200000001,-78.9553099999999,,,Inf,"Pinelands, NJ, USA",no match: removed from the map
147364,38.0248,-107.67146,,,Inf,"Ouray, CA, USA",no match: removed from the map
147448,30.6041817,-83.0990699,30.2224,-92.6571,Inf,"Jennings, LA, USA","moved to Jennings, Louisiana US"
147507,36.1541975419006,-86.6600094648193,,,250,"Lakeland/Nashville border, GA, USA",no match: removed from the map
147517,41.083064,-81.518485,40.1605,-103.2144,Inf,"Akron, CO, USA","moved to Akron, Colorado US"
147569,41.44228,-71.50231,,,Inf,"South Kingstown, WA, USA",no match: removed from the map
147580,32.7573626,-94.3451926,39.3535,-105.7703,Inf,"Jefferson, CO, USA","moved to Jefferson, CO (ZIP code list)"
147589,41.1414855,-73.3578955,41.6114,-71.0818,Inf,"Westport, MA, USA","moved to Westport, MA (ZIP code list)"
147653,33.9168100000001,-118.07252,,,Inf,"Norwalk, NJ, USA",no match: removed from the map
147671,44.819314,-119.4211007,39.0917,-104.8728,Inf,"Monument, CO, USA","moved to Monument, Colorado US"
147858,36.7291152,-108.205445,37.7809,-90.4218,Inf,"Farmington, MO, USA","moved to Farmington, Missouri US"
147885,32.2735792,-90.127881,,,Inf,"Pearl , CO, USA",no match: removed from the map
147959,31.8072974,-102.2413383,,,Inf,"Estes, CO, USA",no match: removed from the map
147984,42.5291439,-94.5341421,47.8849,-120.1584,Inf,"Manson, WA, USA","moved to Manson, Washington US"
147987,36.7932594,-89.9532508,42.3384,-83.8886,Inf,"Dexter, MI, USA","moved to Dexter, Michigan US"
148071,33.9509439,-90.7678781,43.6133,-86.3495,Inf,"Shelby, MI, USA","moved to Shelby, MI (ZIP code list)"
148094,36.3801800000001,-75.8306499999999,,,500,"Corolla, PA, USA",no match: removed from the map
148161,43.0204400000001,-71.60024,,,Inf,"Goffstown, OH, USA",no match: removed from the map
148187,37.0942194,-92.4918328,42.6621,-82.9205,Inf,"Macomb, MI, USA","moved to Macomb, MI (ZIP code list)"
148210,33.6703349,-117.7341141,,,Inf,"Park County, CO, USA",no match: removed from the map
148466,37.9272,-75.6427399999999,,,Inf,"Groton, MS, USA",no match: removed from the map
148568,37.7306054,-88.9331256,41.7001,-70.7628,Inf,"Marion, MA, USA","moved to Marion, Massachusetts US"
148659,32.7558392,-98.9032554,39.4817,-106.0383,Inf,"Breckenridge, CO, USA","moved to Breckenridge, Colorado US"
148678,43.5339571,-75.378872,,,Inf,"Leyden, CO, USA",no match: removed from the map
148687,41.7571701,-88.3147539,39.7294,-104.8319,Inf,"Aurora, CO, USA","moved to Aurora, Colorado US"
148823,41.6739117,-91.1584904,46.8218,-123.0962,Inf,"Rochester, WA, USA","moved to Rochester, Washington US"
148831,31.46495,-97.19748,,,Inf,"Hewitt, VT, USA",no match: removed from the map
148978,34.3663773,-89.5187664,42.8248,-83.2647,Inf,"Oxford, MI, USA","moved to Oxford, Michigan US"
148999,36.5484200000001,-86.6967299999999,,,Inf,"Cross Plains, VA, USA",no match: removed from the map
149066,32.3528055,-90.8777342,42.12,-85.5328,Inf,"Vicksburg, MI, USA","moved to Vicksburg, Michigan US"
149082,32.9640117,-85.9007963,30.5325,-93.0217,500,"Reeves, LA, USA","moved to Reeves, LA (ZIP code list)"
149090,33.53232244,131.35029271,,,Inf,"Unknown traveling on rt. 25, SC, USA",no match: removed from the map
149093,44.1674,-94.0024099999999,,,250,"Mankato, SD, USA",no match: removed from the map
149124,42.7738826,-91.8806147,42.4334,-71.4495,Inf,"Maynard, MA, USA","moved to Maynard, Massachusetts US"
149158,46.7132862,-93.4885687,39.1103,-108.3509,Inf,"Palisade, CO, USA","moved to Palisade, Colorado US"
149163,32.308087,-86.8175307683269,32.6949,-93.7418,500,"Benton, LA, USA","moved to Benton, Louisiana US"
149209,36.90903,-121.75552,,,Inf,"Watsonville, FL, USA",no match: removed from the map
149242,42.7654433,-71.4397167,40.0736,-104.643,Inf,"Hudson, CO, USA","moved to Hudson, Colorado US"
149258,45.4647000000001,-98.48648,,,Inf,"Aberdine, NC, USA",no match: removed from the map
149294,39.131397,-94.0707787,42.1606,-84.2461,Inf,"Napoleon, MI, USA","moved to Napoleon, Michigan US"
149407,33.7872568,-117.850308,42.5904,-72.3098,Inf,"Orange, MA, USA","moved to Orange, Massachusetts US"
149495,37.7306054,-88.9331256,41.7001,-70.7628,Inf,"Marion, MA, USA","moved to Marion, Massachusetts US"
149523,35.4491100000001,-86.7888,,,500,"Lewisburg, MO, USA",no match: removed from the map
149585,34.0148352,-83.2937659,42.302,-70.9078,Inf,"Hull, MA, USA","moved to Hull, Massachusetts US"
149693,31.8295972,-86.6177517,41.4045,-80.3912,Inf,"Greenville, PA, USA","moved to Greenville, Pennsylvania US"
149695,31.8295972,-86.6177517,41.4045,-80.3912,Inf,"Greenville, PA, USA","moved to Greenville, Pennsylvania US"
149759,30.4738186619603,-86.4209176523761,,,Inf,"Caribbean Sea , Curacao",no match: removed from the map
149830,44.9391565,-123.033121,42.5195,-70.8967,Inf,"Salem, MA, USA","moved to Salem, Massachusetts US"
150190,43.8540126,-123.0398029,30.488,-90.8615,Inf,"Walker, LA, USA","moved to Walker, Louisiana US"
150201,32.308087,-86.8175307683269,32.6949,-93.7418,500,"Benton, LA, USA","moved to Benton, Louisiana US"
150225,28.0616589426999,-80.6334498900145,,,Inf,"Melbourne, AL, USA",no match: removed from the map
150241,41.8927197,-91.1502842,48.2412,-122.3707,Inf,"Stanwood, WA, USA","moved to Stanwood, Washington US"
150294,44.7528499,-68.6789218,42.3518,-71.8634,Inf,"Holden, MA, USA","moved to Holden, Massachusetts US"
150308,32.3410552,-90.3215983,42.0859,-83.9587,Inf,"Clinton, MI, USA","moved to Clinton, MI (ZIP code list)"
150391,44.6688524,-90.1717987,42.0918,-70.7056,Inf,"Marshfield, MA, USA","moved to Marshfield, Massachusetts US"
150445,35.0645319,-88.8908918,42.5951,-71.0162,Inf,"Middleton, MA, USA","moved to Middleton, Massachusetts US"
150451,39.5787,-92.21994,,,Inf,"West Monroe/Woodlawn/Cadeville, LA, USA",no match: removed from the map
150458,33.180397,-87.5394503,40.295,-79.9957,Inf,"South Park, PA, USA","moved to South Park, PA (ZIP code list)"
150541,34.4825200000001,-114.40768,,,Inf,"Lake Havasu, NC, USA",no match: removed from the map
150821,30.2131857,-97.7495651,,,Inf,"Southpark, CO, USA",no match: removed from the map
150849,34.9475808,-85.7144155,40.1051,-75.3452,Inf,"Bridgeport, PA, USA","moved to Bridgeport, Pennsylvania US"
150886,33.53232244,131.35029271,,,Inf,"Unknown, ID, USA",no match: removed from the map
150933,41.8927197,-91.1502842,48.2412,-122.3707,Inf,"Stanwood, WA, USA","moved to Stanwood, Washington US"
150974,33.1990075,-87.4991715,,,Inf,"Claymont, PA, USA",no match: removed from the map
150991,35.193406499999995,-78.64890721875,39.0024,-104.525,Inf,"Falcon, CO, USA","moved to Falcon, CO (ZIP code list)"
151000,43.8540126,-123.0398029,30.488,-90.8615,Inf,"Walker, LA, USA","moved to Walker, Louisiana US"
151250,31.1026366,-91.2990512,,,Inf,"Woodville, MI, USA",no match: removed from the map
151365,30.74881,-93.78407,,,Inf,"Towards, KS, USA",no match: removed from the map
151383,40.6639916,-74.2107006,39.3603,-104.5969,Inf,"Elizabeth, CO, USA","moved to Elizabeth, Colorado US"
151409,39.1851824,-93.8828515,43.2681,-82.5308,Inf,"Lexington, MI, USA","moved to Lexington, Michigan US"
151452,42.7654433,-71.4397167,40.0736,-104.643,Inf,"Hudson, CO, USA","moved to Hudson, Colorado US"
151464,34.8559899,-100.2135865,40.7039,-105.0086,500,"Wellington, CO, USA","moved to Wellington, Colorado US"
151559,40.6216111149127,-80.2891777536991,,,250,"Aliquippa, VA, USA",no match: removed from the map
151560,40.6216111149127,-80.2891777536991,,,250,"Aliquippa, VA, USA",no match: removed from the map
151562,32.612602,-90.0367512,42.3086,-83.4822,Inf,"Canton, MI, USA","moved to Canton, Michigan US"
151636,61.5995703,-149.11109,42.1584,-72.3287,Inf,"Palmer, MA, USA","moved to Palmer, Massachusetts US"
151646,32.612602,-90.0367512,42.3086,-83.4822,Inf,"Canton, MI, USA","moved to Canton, Michigan US"
151664,31.8118355,-102.3614383,,,Inf,"DIA, CO, USA",no match: removed from the map
151704,32.612602,-90.0367512,42.3086,-83.4822,Inf,"Canton, MI, USA","moved to Canton, Michigan US"
151713,41.7571701,-88.3147539,39.7294,-104.8319,Inf,"Aurora, CO, USA","moved to Aurora, Colorado US"
151739,40.6131203,-80.5628478,37.3568,-77.4416,250,"Chester, VA, USA","moved to Chester, Virginia US"
151818,43.9818900000001,-117.24062,,,Inf,"Valex, NM, USA",no match: removed from the map
151824,32.3410552,-90.3215983,42.0859,-83.9587,Inf,"Clinton, MI, USA","moved to Clinton, MI (ZIP code list)"
151838,32.3528055,-90.8777342,42.12,-85.5328,Inf,"Vicksburg, MI, USA","moved to Vicksburg, Michigan US"
151858,38.661953,-90.5643258,42.6753,-82.7956,500,"Chesterfield, MI, USA","moved to Chesterfield, MI (ZIP code list)"
151950,38.0667788,-80.9662087,38.9297,-105.1672,Inf,"Divide, CO, USA","moved to Divide, CO (ZIP code list)"
151958,38.9237244,-75.5777033,47.3895,-118.3563,Inf,"harrington, WA, USA","moved to Harrington, WA (ZIP code list)"
151974,38.0637959200338,-87.482289950325,,,Inf,"Evansville, KS, USA",no match: removed from the map
152153,41.9441774,-94.1137041,41.8459,-71.0828,Inf,"Berkley, MA, USA","moved to Berkley, Massachusetts US"
152180,31.3237829,-85.6552132,31.9571,-92.1358,500,"Kelly, LA, USA","moved to Kelly, LA (ZIP code list)"
152265,46.92335,-98.00226,,,Inf,"Valley City, NY, USA",no match: removed from the map
152387,32.8765165,-87.7425105,40.1568,-76.2022,Inf,"Akron, PA, USA","moved to Akron, Pennsylvania US"
152410,40.8088861,-96.7077751,42.4259,-71.304,Inf,"Lincoln, MA, USA","moved to Lincoln, Massachusetts US"
152566,26.461690034001,-80.0595299154797,,,500,"Atlantic Ocean, Cuba",no match: removed from the map
152582,33.53232244,131.35029271,,,Inf,"unknown, CO, USA",no match: removed from the map
152603,41.7571701,-88.3147539,39.7294,-104.8319,Inf,"Aurora, CO, USA","moved to Aurora, Colorado US"
152634,37.6820583,-121.768053,40.8363,-105.4292,Inf,"Livermore, CO, USA","moved to Livermore, CO (ZIP code list)"
152668,41.2364972,-95.4212061,45.7254,-121.8192,Inf,"Carson, WA, USA","moved to Carson, Washington US"
152871,34.8045487,-86.9711698,41.9573,-76.518,Inf,"Athens, PA, USA","moved to Athens, Pennsylvania US"
153033,45.287448,-69.501572,42.1043,-72.319,Inf,"Monson, MA, USA","moved to Monson, Massachusetts US"
153142,35.5228433,-97.3772618,42.244,-71.9923,Inf,"Spencer, MA, USA","moved to Spencer, Massachusetts US"
153222,36.7932594,-89.9532508,42.3384,-83.8886,Inf,"Dexter, MI, USA","moved to Dexter, Michigan US"
153512,41.6739117,-91.1584904,46.8218,-123.0962,Inf,"Rochester, WA, USA","moved to Rochester, Washington US"
153516,42.4402900000001,-79.3318599999999,,,Inf,"Fredonia , UT, USA",no match: removed from the map
153624,44.7528499,-68.6789218,42.3518,-71.8634,Inf,"Holden, MA, USA","moved to Holden, Massachusetts US"
153644,39.5727310313228,-74.229685508709,,,Inf,"North Atlantic Ocean, AL, USA",no match: removed from the map
153645,32.35004,-90.8815499999999,,,250,"Vicksburg, AL, USA",no match: removed from the map
153646,32.35004,-90.8815499999999,,,250,"Vicksburg, AL, USA",no match: removed from the map
153719,33.494,-111.92052,,,250,"Scottsdale, CA, USA",no match: removed from the map
153723,39.2756112,-84.7407827,42.7637,-82.7976,500,"New Haven, MI, USA","moved to New Haven, MI (ZIP code list)"
153806,42.7654433,-71.4397167,40.0736,-104.643,Inf,"Hudson, CO, USA","moved to Hudson, Colorado US"
153893,46.8107645,-90.8182329,37.2256,-107.5981,Inf,"Bayfield, CO, USA","moved to Bayfield, Colorado US"
153894,38.07917,-105.64029,,,Inf,"Eureks, MT, USA",no match: removed from the map
153934,34.7298181,-88.9506182,,,Inf,"Ripley, MI, USA",no match: removed from the map
153961,13.4695800386693,144.737085110851,,,Inf,"Chennai, IN, USA",no match: removed from the map
153973,43.315471,-112.164417,39.3689,-107.0328,500,"Basalt, CO, USA","moved to Basalt, Colorado US"
153975,32.612602,-90.0367512,42.3086,-83.4822,Inf,"Canton, MI, USA","moved to Canton, Michigan US"
154168,39.7686055,-94.8466322,42.1098,-86.48,Inf,"St. Joseph, MI, USA","moved to Saint Joseph, Michigan US"
154173,39.6036334,-93.3424307,44.3934,-83.8164,Inf,"Hale, MI, USA","moved to Hale, MI (ZIP code list)"
154295,41.926792,-73.912168,,,Inf,"Inner space, FL, USA",no match: removed from the map
154314,34.0148352,-83.2937659,42.302,-70.9078,Inf,"Hull, MA, USA","moved to Hull, Massachusetts US"
154383,44.4478474,-92.2678663,38.03,-107.3153,Inf,"Lake City , CO, USA","moved to Lake City, Colorado US"
154420,41.7571701,-88.3147539,39.7294,-104.8319,Inf,"Aurora, CO, USA","moved to Aurora, Colorado US"
154422,39.5131397,-80.1006305,36.389,-92.0102,Inf,"Viola, AR, USA","moved to Viola, AR (ZIP code list)"
154478,42.4681795,-92.2183956,46.6865,-123.7329,Inf,"Raymond, WA, USA","moved to Raymond, Washington US"
154531,33.4334328,-96.1653992,39.4165,-105.6173,Inf,"Bailey, CO, USA","moved to Bailey, CO (ZIP code list)"
154609,31.44953845,-86.95675139521086,39.6333,-105.3172,Inf,"Evergreen, CO, USA","moved to Evergreen, Colorado US"
154668,35.15673,-98.4425199999999,,,500,"Nowhere, NM, USA",no match: removed from the map
154694,37.68749,-97.3355799999999,,,Inf,"Wichita, ME, USA",no match: removed from the map
154761,38.83149,-90.06306,,,Inf,"South Roxana, PA, USA",no match: removed from the map
154845,38.5471327,-122.8163802,40.4775,-104.9014,Inf,"Windsor, CO, USA","moved to Windsor, Colorado US"
154874,40.4950700000001,-78.8339099999999,,,Inf,"Cardiff, AZ, USA",no match: removed from the map
154888,33.0458600000001,-117.29258,,,500,"Encinitas, AZ, USA",no match: removed from the map
154889,41.5910323,-93.6046655,47.4018,-122.3243,Inf,"Des Moines, WA, USA","moved to Des Moines, Washington US"
154897,46.1406074,-68.0400222,42.1601,-72.4759,Inf,"Ludlow , MA, USA","moved to Ludlow, Massachusetts US"
154935,41.8927197,-91.1502842,48.2412,-122.3707,Inf,"Stanwood, WA, USA","moved to Stanwood, Washington US"
154956,31.172332750000002,-85.79274646105793,40.6034,-78.324700000000007,Inf,"Bellwood, PA, USA","moved to Bellwood, Pennsylvania US"
154957,41.5235808,-90.5770967,47.654,-118.15,Inf,"Davenport, WA, USA","moved to Davenport, Washington US"
155210,38.60929,-76.6149599999999,,,Inf,"Radcliffe, TN, USA",no match: removed from the map
155214,42.2448559,-93.0642491,47.3275,-123.0721,Inf,"Union, WA, USA","moved to Union, WA (ZIP code list)"
155220,40.5508222,-94.8194151,42.6164,-85.7805,Inf,"Hopkins, MI, USA","moved to Hopkins, MI (ZIP code list)"
155299,33.7872568,-117.850308,42.5904,-72.3098,Inf,"Orange, MA, USA","moved to Orange, Massachusetts US"
155314,42.0404800000001,-111.64688,,,Inf,"Four Peaks Wilderness, AZ, USA",no match: removed from the map
155324,33.73605,-86.7486,,,Inf,"Corvallis/Monmouth/Jefferson, OR, USA",no match: removed from the map
155336,33.4334328,-96.1653992,39.4165,-105.6173,Inf,"Bailey, CO, USA","moved to Bailey, CO (ZIP code list)"
155564,32.3410552,-90.3215983,42.0859,-83.9587,Inf,"Clinton, MI, USA","moved to Clinton, MI (ZIP code list)"
155646,3.85697000000005,73.45662,,,Inf,"Maldivian Island resort, Maldives",no match: removed from the map
155664,41.9539032,-72.7894272,40.0861,-105.9395,Inf,"Granby, CO, USA","moved to Granby, Colorado US"
155773,38.4443875,-91.0082308,41.7849,-85.8575,Inf,"Union, MI, USA","moved to Union, MI (ZIP code list)"
155820,30.78635,-81.6945499999999,,,Inf,"Terra Haute, IN, USA",no match: removed from the map
155858,40.4769606,-93.0032615,43.6497,-83.454,Inf,"Unionville, MI, USA","moved to Unionville, MI (ZIP code list)"
156043,42.6444914,-91.4011118,47.2501,-122.2937,Inf,"Edgewood, WA, USA","moved to Edgewood, Washington US"
156044,42.4681795,-92.2183956,46.6865,-123.7329,Inf,"Raymond, WA, USA","moved to Raymond, Washington US"
156302,47.377758299999996,-122.29952580635825,36.3001,-82.4238,Inf,"Midway, TN, USA","moved to Midway, Tennessee US"
156343,39.3666687,-101.3768295,41.7601,-70.0828,Inf,"Brewster, MA, USA","moved to Brewster, Massachusetts US"
156490,39.1852184,-78.1652404,42.4523,-71.137,Inf,"Winchester, MA, USA","moved to Winchester, Massachusetts US"
156502,40.6131203,-80.5628478,37.3568,-77.4416,250,"Chester, VA, USA","moved to Chester, Virginia US"
156509,48.79119,-107.86194,,,Inf,"Loring, ME, USA",no match: removed from the map
156518,42.5291439,-94.5341421,47.8849,-120.1584,Inf,"Manson, WA, USA","moved to Manson, Washington US"
156538,38.5471327,-122.8163802,40.4775,-104.9014,Inf,"Windsor, CO, USA","moved to Windsor, Colorado US"
156699,38.5471327,-122.8163802,40.4775,-104.9014,Inf,"Windsor, CO, USA","moved to Windsor, Colorado US"
157150,38.5552946,-100.7234794,33.6952,-80.2109,Inf,"Manning, SC, USA","moved to Manning, South Carolina US"
157176,34.8559899,-100.2135865,40.7039,-105.0086,500,"Wellington, CO, USA","moved to Wellington, Colorado US"
157205,42.4681795,-92.2183956,46.6865,-123.7329,Inf,"Raymond, WA, USA","moved to Raymond, Washington US"
157210,43.8540126,-123.0398029,30.488,-90.8615,Inf,"Walker, LA, USA","moved to Walker, Louisiana US"
157264,34.3663773,-89.5187664,42.8248,-83.2647,Inf,"Oxford, MI, USA","moved to Oxford, Michigan US"
157313,42.1294712,-80.0852695,40.0503,-105.05,Inf,"Erie, CO, USA","moved to Erie, Colorado US"
157343,40.9999202,-80.3471856,39.5728,-107.5364,Inf,"New Castle, CO, USA","moved to New Castle, Colorado US"
157499,42.8488865,-92.0970758,47.2032,-122.2404,Inf,"Sumner, WA, USA","moved to Sumner, Washington US"
157587,42.144225,-92.1441931,,,Inf,"Garrison, CO, USA",no match: removed from the map
157588,42.144225,-92.1441931,,,Inf,"Garrison, CO, USA",no match: removed from the map
157635,47.320494,-93.298536,39.2468,-107.2261,Inf,"Marble, CO, USA","moved to Marble, CO (ZIP code list)"
157692,44.9391565,-123.033121,42.5195,-70.8967,Inf,"Salem, MA, USA","moved to Salem, Massachusetts US"
157705,38.24735,-76.59774,,,Inf,"Uintah Wilderness, UT, USA",no match: removed from the map
157748,40.9469100000001,-90.36466,,,Inf,"Galesburg, AZ, USA",no match: removed from the map
157797,38.57944,-121.49085,,,Inf,"Sacramento, OH, USA",no match: removed from the map
158064,41.9539032,-72.7894272,40.0861,-105.9395,Inf,"Granby, CO, USA","moved to Granby, Colorado US"
158161,39.4260015,-123.727236,37.6541,-106.6026,Inf,"South Fork, CO, USA","moved to South Fork, CO (ZIP code list)"
158162,41.5612048,-74.1884806,40.7316,-106.2836,Inf,"Walden, CO, USA","moved to Walden, Colorado US"
158212,30.1566,-92.92904,,,Inf,"Everret, PA, USA",no match: removed from the map
158240,-54.2036245049999,-36.9072899999999,,,Inf,"54 39 44.6s ,36 11 42.5w, South Georgia and the South Sandwich Islands",no match: removed from the map
158271,42.6444914,-91.4011118,47.2501,-122.2937,Inf,"Edgewood, WA, USA","moved to Edgewood, Washington US"
158352,36.8968052,-76.2602336,42.1195,-71.3251,Inf,"Norfolk, MA, USA","moved to Norfolk, Massachusetts US"
158404,41.2031032,-94.4165181,48.829,-118.2649,Inf,"Orient, WA, USA","moved to Orient, WA (ZIP code list)"
158471,32.3086744,-90.1983063,42.2459,-84.4013,Inf,"Jackson, MI, USA","moved to Jackson, Michigan US"
158546,34.108123,-118.061005,,,Inf,"In-flight sighting, AR, USA",no match: removed from the map
158565,42.4733189,-91.7343327,48.5048,-120.1238,Inf,"Winthrop, WA, USA","moved to Winthrop, WA (ZIP code list)"
158655,41.6739117,-91.1584904,46.8218,-123.0962,Inf,"Rochester, WA, USA","moved to Rochester, Washington US"
158732,34.59451,-106.03591507635866,37.305,-93.4285,Inf,"Willard, MO, USA","moved to Willard, Missouri US"
158762,41.8927197,-91.1502842,48.2412,-122.3707,Inf,"Stanwood, WA, USA","moved to Stanwood, Washington US"
158782,26.98288,-82.10085,,,Inf,"Port Charlotte, OH, USA",no match: removed from the map
158904,33.835385,-86.76579058265801,40.3856,-79.7589,Inf,"Trafford, PA, USA","moved to Trafford, Pennsylvania US"
158908,33.3846600000001,-117.25324,,,Inf,"Fallbrook, FL, USA",no match: removed from the map
158935,33.7872568,-117.850308,42.5904,-72.3098,Inf,"Orange, MA, USA","moved to Orange, Massachusetts US"
158996,32.3086744,-90.1983063,42.2459,-84.4013,Inf,"Jackson, MI, USA","moved to Jackson, Michigan US"
159079,34.0148352,-83.2937659,42.302,-70.9078,Inf,"Hull, MA, USA","moved to Hull, Massachusetts US"
159125,34.79981,-87.677251,38.3903,-105.1186,Inf,"Florence, CO, USA","moved to Florence, Colorado US"
159293,31.7137668,-87.3130436,29.9602,-90.2156,500,"River Ridge, LA, USA","moved to River Ridge, Louisiana US"
159340,38.3453291,-90.9809735,42.8209,-82.486,Inf,"St. Clair, MI, USA","moved to Saint Clair, Michigan US"
159404,41.7571701,-88.3147539,39.7294,-104.8319,Inf,"Aurora, CO, USA","moved to Aurora, Colorado US"
159409,31.9868295,-88.33308822099423,42.2834,-71.2328,Inf,"Needham, MA, USA","moved to Needham, Massachusetts US"
159438,39.3375879,-80.4178689,,,Inf,"Sardis, AR, USA",no match: removed from the map
159471,38.3453291,-90.9809735,42.8209,-82.486,Inf,"St. Clair, MI, USA","moved to Saint Clair, Michigan US"
159520,39.613321,-105.016649,42.538,-71.485,Inf,"Littleton, MA, USA","moved to Littleton, MA (ZIP code list)"
159541,33.0555687,-96.6220692,39.5186,-104.7614,Inf,"Parker, CO, USA","moved to Parker, Colorado US"
159542,30.6326942,-97.6772311,39.7061,-105.6975,Inf,"Georgetown, CO, USA","moved to Georgetown, Colorado US"
159562,37.5482697,-121.988571,43.4675,-85.942,Inf,"Fremont, MI, USA","moved to Fremont, Michigan US"
159651,39.8731900000001,-85.9571099999999,,,Inf,"Oaklandon, KS, USA",no match: removed from the map
159682,41.7571701,-88.3147539,39.7294,-104.8319,Inf,"Aurora, CO, USA","moved to Aurora, Colorado US"
159695,41.0998174,-91.0444022,46.8714,-123.3128,Inf,"Oakville, WA, USA","moved to Oakville, WA (ZIP code list)"
159701,46.1406074,-68.0400222,42.1601,-72.4759,Inf,"Ludlow, MA, USA","moved to Ludlow, Massachusetts US"
159704,46.1406074,-68.0400222,42.1601,-72.4759,Inf,"Ludlow, MA, USA","moved to Ludlow, Massachusetts US"
159830,35.4881935,-96.8946649896681,40.0375,-107.9131,Inf,"Meeker, CO, USA","moved to Meeker, Colorado US"
159836,41.5235808,-90.5770967,47.654,-118.15,Inf,"Davenport, WA, USA","moved to Davenport, Washington US"
159889,41.1328058,-92.0847853,46.6871,-121.6809,Inf,"Packwood, WA, USA","moved to Packwood, WA (ZIP code list)"
159926,26.1393400000001,-81.79583,,,Inf,"Naples, NH, USA",no match: removed from the map
159952,43.0699663,-94.233019,47.279,-122.2521,Inf,"Algona, WA, USA","moved to Algona, Washington US"
160087,40.32507,-75.3288699999999,,,Inf,"Telford, AL, USA",no match: removed from the map
160133,31.1893444,-85.2860437,42.1307,-71.0412,Inf,"Avon, MA, USA","moved to Avon, Massachusetts US"
160149,37.317221155,-91.9649990039999,,,Inf,"Leaving Denver by plane headed to Texas, CO, USA",no match: removed from the map
160154,32.7558392,-98.9032554,39.4817,-106.0383,Inf,"Breckenridge, CO, USA","moved to Breckenridge, Colorado US"
160188,34.7650888,-87.6986407,42.1104,-73.3551,Inf,"Sheffield, MA, USA","moved to Sheffield, Massachusetts US"
160206,41.7571701,-88.3147539,39.7294,-104.8319,Inf,"Aurora, CO, USA","moved to Aurora, Colorado US"
160219,33.585888,-86.00350972096774,42.1168,-71.8648,Inf,"Oxford, MA, USA","moved to Oxford, Massachusetts US"
160300,32.3086744,-90.1983063,42.2459,-84.4013,Inf,"Jackson, MI, USA","moved to Jackson, Michigan US"
160432,30.6326942,-97.6772311,38.6901,-75.3855,Inf,"Georgetown, DE, USA","moved to Georgetown, Delaware US"
160442,31.9868295,-88.33308822099423,42.2834,-71.2328,Inf,"Needham, MA, USA","moved to Needham, Massachusetts US"
160493,32.5782835,-97.3609829,38.1953,-103.8492,Inf,"Crowley, CO, USA","moved to Crowley, CO (ZIP code list)"
160557,32.0934806,-86.1560724,29.5869,-91.0534,500,"Gibson, LA, USA","moved to Gibson, LA (ZIP code list)"
160592,33.4017766,-86.954437,40.9748,-80.4937,Inf,"bessemer, PA, USA","moved to Bessemer, Pennsylvania US"
160629,49.18424,-2.11108999999993,,,250,"St Helier, Jersey, United Kingdom",no match: removed from the map
160648,44.6352761062327,-105.362039266308,,,Inf,"West of Gillette, WA, USA",no match: removed from the map
160683,-26.0997899999999,28.26149,34.1242,-84.5119,Inf,"Woodstock, GA, USA","moved to Woodstock, GA (ZIP code list)"
160775,44.9391565,-123.033121,42.5195,-70.8967,Inf,"Salem, MA, USA","moved to Salem, Massachusetts US"
160859,32.0934806,-86.1560724,29.5869,-91.0534,500,"Gibson, LA, USA","moved to Gibson, LA (ZIP code list)"
160883,46.1406074,-68.0400222,42.1601,-72.4759,Inf,"LUDLOW, MA, USA","moved to Ludlow, Massachusetts US"
160911,34.1949799625783,-117.360942255316,,,Inf,"san bernardino, WA, USA",no match: removed from the map
160958,40.8584328,-74.1637553,39.0919,-108.449,Inf,"Clifton, CO, USA","moved to Clifton, Colorado US"
160978,31.44953845,-86.95675139521086,39.6333,-105.3172,Inf,"Evergreen, CO, USA","moved to Evergreen, Colorado US"
161030,40.6639916,-74.2107006,39.3603,-104.5969,Inf,"Elizabeth, CO, USA","moved to Elizabeth, Colorado US"
161044,39.7708350395648,-86.1513549024944,,,Inf,"Indianapolis, NY, USA",no match: removed from the map
161053,33.53232244,131.35029271,,,Inf,"Unknown, WY, USA",no match: removed from the map
161144,32.308087,-86.8175307683269,32.6949,-93.7418,500,"Benton, LA, USA","moved to Benton, Louisiana US"
161434,39.8063247,-76.9842735,42.1132,-70.812,Inf,"Hanover, MA, USA","moved to Hanover, Massachusetts US"
161444,40.6639916,-74.2107006,39.3603,-104.5969,Inf,"Elizabeth, CO, USA","moved to Elizabeth, Colorado US"
161556,38.3226154,-75.2176892,42.3812,-71.637,500,"Berlin, MA, USA","moved to Berlin, Massachusetts US"
161588,43.4707479,-74.4116949,42.5567,-72.5186,250,"Lake Pleasant, MA, USA","moved to Lake Pleasant, MA (ZIP code list)"
161655,42.1294712,-80.0852695,40.0503,-105.05,Inf,"Erie, CO, USA","moved to Erie, Colorado US"
161810,42.1294712,-80.0852695,40.0503,-105.05,Inf,"Erie, CO, USA","moved to Erie, Colorado US"
161826,32.3930337,-100.8635106,37.9453,-104.8353,Inf,"Colorado City, CO, USA","moved to Colorado City, Colorado US"
161869,34.4886000382195,-85.3309099121629,,,Inf,"Summerville, VA, USA",no match: removed from the map
161879,41.7571701,-88.3147539,39.7294,-104.8319,Inf,"Aurora, CO, USA","moved to Aurora, Colorado US"
161882,43.82608,-111.78252,,,250,"Rexburg, UT, USA",no match: removed from the map
161939,34.2464886,-80.6070391,39.1134,-75.5419,Inf,"Camden, DE, USA","moved to Camden, Delaware US"
161967,31.9946311,-102.1456414,,,Inf,"Westcliff, CO, USA",no match: removed from the map
162000,31.44953845,-86.95675139521086,39.6333,-105.3172,Inf,"Evergreen, CO, USA","moved to Evergreen, Colorado US"
162011,42.3420595,-92.6747299,39.6027,-105.208,Inf,"Morrison, CO, USA","moved to Morrison, CO (ZIP code list)"
162027,32.3480925,-87.64156063610764,40.8606,-79.2568,Inf,"Dayton, PA, USA","moved to Dayton, PA (ZIP code list)"
162095,40.6639916,-74.2107006,39.3603,-104.5969,Inf,"Elizabeth, CO, USA","moved to Elizabeth, Colorado US"
162179,33.581551000000005,-85.90944328674121,39.7854,-75.9788,Inf,"Oxford, PA, USA","moved to Oxford, Pennsylvania US"
162299,44.7974013844015,-85.2523175961712,,,Inf,"Rapid City, WY, USA",no match: removed from the map
162344,40.6639916,-74.2107006,39.3603,-104.5969,Inf,"Elizabeth, CO, USA","moved to Elizabeth, Colorado US"
162462,41.28664,-84.91887,,,Inf,"Spencerville, KS, USA",no match: removed from the map
162463,41.28664,-84.91887,,,Inf,"Spencerville, KS, USA",no match: removed from the map
162496,38.38897,-84.2958399999999,,,Inf,"cynthiana, LA, USA",no match: removed from the map
162538,39.3666687,-101.3768295,41.7601,-70.0828,Inf,"Brewster, MA, USA","moved to Brewster, Massachusetts US"
162562,38.1577600000001,-75.61242,,,Inf,"Ellington/Somers, CT, USA",no match: removed from the map
162593,40.03813,-76.3056686,42.4556,-71.6731,500,"Lancaster, MA, USA","moved to Lancaster, Massachusetts US"
162594,40.03813,-76.3056686,42.4556,-71.6731,500,"Lancaster, MA, USA","moved to Lancaster, Massachusetts US"
162637,33.581551000000005,-85.90944328674121,39.7854,-75.9788,Inf,"Oxford, PA, USA","moved to Oxford, Pennsylvania US"
162761,42.1294712,-80.0852695,40.0503,-105.05,Inf,"Erie, CO, USA","moved to Erie, Colorado US"
162855,38.5131989,-90.4400578,42.7978,-83.705,Inf,"Fenton, MI, USA","moved to Fenton, Michigan US"
162961,32.7702200000001,-108.27496,,,Inf,"Silver city, OR, USA",no match: removed from the map
163011,41.8927197,-91.1502842,48.2412,-122.3707,Inf,"Stanwood, WA, USA","moved to Stanwood, Washington US"
163044,33.0555687,-96.6220692,39.5186,-104.7614,Inf,"Parker, CO, USA","moved to Parker, Colorado US"
163154,41.9216992,-87.647832,,,Inf,"Lincoln, GA, USA",no match: removed from the map
163286,41.2364972,-95.4212061,45.7254,-121.8192,Inf,"Carson, WA, USA","moved to Carson, Washington US"
163407,43.6076400000001,-116.1934,,,Inf,"Boise, NH, USA",no match: removed from the map
163461,30.4503210081447,-84.3098310885197,,,Inf,"Tallahassee, CA, USA",no match: removed from the map
163536,37.0942194,-92.4918328,42.6621,-82.9205,Inf,"Macomb, MI, USA","moved to Macomb, MI (ZIP code list)"
163561,36.5208000000001,-121.46216,,,Inf,"Dean City, FL, USA",no match: removed from the map
163597,37.7274692,-89.216655,39.4022,-107.2112,Inf,"Carbondale, CO, USA","moved to Carbondale, Colorado US"
163613,27.3356126900001,128.56775426,,,Inf,"China, YT, China",no match: removed from the map
163673,44.6688524,-90.1717987,42.0918,-70.7056,Inf,"Marshfield, MA, USA","moved to Marshfield, Massachusetts US"
163689,30.072190049138,-85.5919449243657,,,Inf,"Panama City, CA, USA",no match: removed from the map
163794,47.620548,-122.2264453,35.8028,-88.7748,Inf,"Medina, TN, USA","moved to Medina, Tennessee US"
163795,41.5456578,-71.2914388,39.4496,-75.7163,Inf,"Middletown, DE, USA","moved to Middletown, Delaware US"
163837,32.308087,-86.8175307683269,32.6949,-93.7418,500,"Benton, LA, USA","moved to Benton, Louisiana US"
164036,39.3666687,-101.3768295,41.7601,-70.0828,Inf,"Brewster, MA, USA","moved to Brewster, Massachusetts US"
164251,41.2364972,-95.4212061,45.7254,-121.8192,Inf,"Carson, WA, USA","moved to Carson, Washington US"
164325,33.1506744,-96.8236116,39.5744,-106.0975,Inf,"Frisco, CO, USA","moved to Frisco, Colorado US"
164326,33.1506744,-96.8236116,39.5744,-106.0975,Inf,"Frisco, CO, USA","moved to Frisco, Colorado US"
164352,40.6639916,-74.2107006,39.3603,-104.5969,Inf,"Elizabeth, CO, USA","moved to Elizabeth, Colorado US"
164420,26.6298200000001,-81.9567499999999,,,Inf,"Cape Coral, Fl, MD, USA",no match: removed from the map
164456,44.9391565,-123.033121,42.5195,-70.8967,Inf,"Salem, MA, USA","moved to Salem, Massachusetts US"
164459,39.613321,-105.016649,42.538,-71.485,Inf,"Littleton, MA, USA","moved to Littleton, MA (ZIP code list)"
164463,42.9852545,-95.8741447,42.0668,-72.8615,Inf,"Granville, MA, USA","moved to Granville, Massachusetts US"
164470,41.5910323,-93.6046655,47.4018,-122.3243,Inf,"Des Moines, WA, USA","moved to Des Moines, Washington US"
164514,43.729525,-70.241993,41.5515,-70.6148,250,"Falmouth, MA, USA","moved to Falmouth, Massachusetts US"
164555,40.6639916,-74.2107006,39.3603,-104.5969,Inf,"Elizabeth, CO, USA","moved to Elizabeth, Colorado US"
164572,42.8488865,-92.0970758,47.2032,-122.2404,Inf,"Sumner, WA, USA","moved to Sumner, Washington US"
164580,41.7571701,-88.3147539,39.7294,-104.8319,Inf,"Aurora, CO, USA","moved to Aurora, Colorado US"
164592,46.8218166,-123.0958571,,,Inf,"Rochester, TN, USA",no match: removed from the map
164727,41.4178162882175,-87.4955169887981,,,500,"In flight, KY, USA",no match: removed from the map
164730,32.6098566,-85.4807825,42.1945,-71.8356,Inf,"Auburn, MA, USA","moved to Auburn, Massachusetts US"
164731,32.6098566,-85.4807825,42.1945,-71.8356,Inf,"Auburn, MA, USA","moved to Auburn, Massachusetts US"
164804,29.9743803,-93.9923965,39.9614,-105.5108,Inf,"Nederland, CO, USA","moved to Nederland, Colorado US"
164819,38.5131989,-90.4400578,42.7978,-83.705,Inf,"Fenton, MI, USA","moved to Fenton, Michigan US"
164820,41.7571701,-88.3147539,39.7294,-104.8319,Inf,"Aurora, CO, USA","moved to Aurora, Colorado US"
164872,42.1294712,-80.0852695,40.0503,-105.05,Inf,"Erie, CO, USA","moved to Erie, Colorado US"
164929,40.6639916,-74.2107006,39.3603,-104.5969,Inf,"Elizabeth, CO, USA","moved to Elizabeth, Colorado US"
164930,40.50708,-85.8255599999999,,,Inf,"Swayzee, KS, USA",no match: removed from the map
164955,32.612602,-90.0367512,42.3086,-83.4822,Inf,"Canton, MI, USA","moved to Canton, Michigan US"
165089,40.4769606,-93.0032615,43.6497,-83.454,Inf,"Unionville, MI, USA","moved to Unionville, MI (ZIP code list)"
165091,40.6705508,-78.2383479,37.5518,-104.1143,Inf,"Tyrone, CO, USA","moved to Tyrone, CO (ZIP code list)"
165132,61.5995703,-149.11109,42.1584,-72.3287,Inf,"Palmer, MA, USA","moved to Palmer, Massachusetts US"
165138,39.6446700000001,-94.7406099999999,,,Inf,"NASA space agency, NV, USA",no match: removed from the map
165150,41.8927197,-91.1502842,48.2412,-122.3707,Inf,"Stanwood, WA, USA","moved to Stanwood, Washington US"
165158,41.2758522,-91.1884349,46.251,-119.9017,Inf,"Grandview, WA, USA","moved to Grandview, Washington US"
165202,39.7669100000001,-86.15012,,,500,"Indianapolis , TN, USA",no match: removed from the map
165205,32.8990135,-86.8180428,,,Inf,"Hubbard, PA, USA",no match: removed from the map
165228,38.5131989,-90.4400578,42.7978,-83.705,Inf,"Fenton, MI, USA","moved to Fenton, Michigan US"
165535,32.308087,-86.8175307683269,32.6949,-93.7418,500,"Benton, LA, USA","moved to Benton, Louisiana US"
165556,34.2464886,-80.6070391,39.1134,-75.5419,Inf,"Camden, DE, USA","moved to Camden, Delaware US"
165641,34.7650888,-87.6986407,42.1104,-73.3551,Inf,"Sheffield, MA, USA","moved to Sheffield, Massachusetts US"
165646,38.8248083,-81.5359573,38.8648,-77.8578,250,"Marshall, VA, USA","moved to Marshall, Virginia US"
165665,33.2757006,-82.9762589,,,Inf,"Sparta, CO, USA",no match: removed from the map
165688,34.3842741,-111.4555672,39.4401,-105.3577,500,"Pine, CO, USA","moved to Pine, CO (ZIP code list)"
165834,33.9390306,-118.35744270000001,,,Inf,"Lennox, MA, USA",no match: removed from the map
165866,44.161026,-70.985413,42.437,-71.5056,250,"Stow, MA, USA","moved to Stow, Massachusetts US"
165871,42.5291439,-94.5341421,47.8849,-120.1584,Inf,"Manson, WA, USA","moved to Manson, Washington US"
165944,32.3086744,-90.1983063,42.2459,-84.4013,Inf,"Jackson, MI, USA","moved to Jackson, Michigan US"
165958,40.6639916,-74.2107006,39.3603,-104.5969,Inf,"Elizabeth, CO, USA","moved to Elizabeth, Colorado US"
166032,38.9589700000001,-76.2030599999999,,,Inf,"Grasonville, MI, USA",no match: removed from the map
166077,46.1406074,-68.0400222,42.1601,-72.4759,Inf,"Ludlow, MA, USA","moved to Ludlow, Massachusetts US"
166171,39.2214765,-94.5719748,45.8527,-87.0218,Inf,"Gladstone, MI, USA","moved to Gladstone, Michigan US"
166192,46.4985528,-92.2879727,42.0609,-71.2355,Inf,"Foxboro, MA, USA","moved to Foxboro, MA (ZIP code list)"
166256,36.7291152,-108.205445,37.7809,-90.4218,Inf,"Farmington, MO, USA","moved to Farmington, Missouri US"
166286,29.9169600000001,-90.06594,,,Inf,"Gretna, CA, USA",no match: removed from the map
166292,42.2015900000001,-85.58937,,,Inf,"Portage, KS, USA",no match: removed from the map
166345,40.6639916,-74.2107006,39.3603,-104.5969,Inf,"Elizabeth, CO, USA","moved to Elizabeth, Colorado US"
166360,34.8559899,-100.2135865,40.7039,-105.0086,500,"Wellington, CO, USA","moved to Wellington, Colorado US"
166403,35.1552532,-120.6723949,,,Inf,"Shell Beach, LA, USA",no match: removed from the map
166496,35.27829,-93.13481,,,Inf,"Russellville, SD, USA",no match: removed from the map
166602,44.7445159,-68.836982,42.064,-72.4134,Inf,"Hampden, MA, USA","moved to Hampden, Massachusetts US"
166603,44.7445159,-68.836982,42.064,-72.4134,Inf,"Hampden, MA, USA","moved to Hampden, Massachusetts US"
166831,34.6928726,-86.7511427,,,500,"Madison, LA, USA",no match: removed from the map
166939,30.6326942,-97.6772311,38.6901,-75.3855,Inf,"Georgetown, DE, USA","moved to Georgetown, Delaware US"
166950,35.6549000000001,-97.47813,,,Inf,"Edmond, OR, USA",no match: removed from the map
167017,34.4073824308877,-103.327465066575,,,Inf,"Clovis, NY, USA",no match: removed from the map
167059,21.12377,-101.68213,,,Inf,"Leon Guanajuato, USA",no match: removed from the map
167071,50.069218877,-5.69519945799993,,,Inf,"Sennen, Cornwall, USA",no match: removed from the map
167088,44.7445159,-68.836982,42.064,-72.4134,Inf,"HAMPDEN, MA, USA","moved to Hampden, Massachusetts US"
167089,34.1423235,-87.9886438,42.2562,-71.7676,Inf,"Hamilton, MA, USA","moved to Hamilton, Massachusetts US"
167105,40.838926,-89.8864976,42.1229,-72.2009,Inf,"Brimfield, MA, USA","moved to Brimfield, Massachusetts US"
167178,44.7445159,-68.836982,42.064,-72.4134,Inf,"Hampden, MA, USA","moved to Hampden, Massachusetts US"
167186,34.5703550472718,-118.032889937997,,,Inf,"Lakewood and Los Angeles, CO, USA",no match: removed from the map
167203,34.25521,-111.25743,,,Inf,"Star Valley, AR, USA",no match: removed from the map
167249,35.0954380407016,-85.3106239221229,,,Inf,"Chattanooga, CA, USA",no match: removed from the map
167398,37.0942194,-92.4918328,42.6621,-82.9205,Inf,"Macomb, MI, USA","moved to Macomb, MI (ZIP code list)"
167413,41.7313887,-92.2979429,38.7044,-105.0897,Inf,"Victor, CO, USA","moved to Victor, CO (ZIP code list)"
167543,21.1622,-86.83568,,,Inf,"Cancun, Quintana Roo, USA",no match: removed from the map
167556,40.75839,-82.5154471,42.0334,-71.2189,Inf,"Mansfield, MA, USA","moved to Mansfield, Massachusetts US"
167560,42.3420595,-92.6747299,39.6027,-105.208,Inf,"Morrison, CO, USA","moved to Morrison, CO (ZIP code list)"
167565,38.7478279,-90.2114995,42.1742,-83.1794,500,"Riverview, MI, USA","moved to Riverview, Michigan US"
167630,40.4189566,-80.5895167,,,250,"Weirton, VA, USA",no match: removed from the map
167639,34.6163101900827,-82.5017117518736,,,250,"Williamsto, KY, USA",no match: removed from the map
167736,40.6642065,-90.4348506,39.6314,-106.5222,Inf,"Avon, CO, USA","moved to Avon, Colorado US"
167843,39.613321,-105.016649,42.538,-71.485,Inf,"Littleton, MA, USA","moved to Littleton, MA (ZIP code list)"
167844,34.79981,-87.677251,38.3903,-105.1186,Inf,"Florence, CO, USA","moved to Florence, Colorado US"
167866,40.6639916,-74.2107006,39.3603,-104.5969,Inf,"Elizabeth, CO, USA","moved to Elizabeth, Colorado US"
167949,44.7445159,-68.836982,42.064,-72.4134,Inf,"Hampden, MA, USA","moved to Hampden, Massachusetts US"
168129,46.7252795,-101.5026443,38.8043,-106.6305,Inf,"Almont, CO, USA","moved to Almont, CO (ZIP code list)"
168161,33.53232244,131.35029271,,,Inf,"Unknown, WI, USA",no match: removed from the map
168183,40.6639916,-74.2107006,39.3603,-104.5969,Inf,"Elizabeth, CO, USA","moved to Elizabeth, Colorado US"
168236,36.0301134,-114.9826194,39.882,-104.8885,Inf,"Henderson, CO, USA","moved to Henderson, CO (ZIP code list)"
168237,36.0301134,-114.9826194,39.882,-104.8885,Inf,"Henderson, CO, USA","moved to Henderson, CO (ZIP code list)"
168286,37.7274692,-89.216655,39.4022,-107.2112,Inf,"Carbondale, CO, USA","moved to Carbondale, Colorado US"
168315,35.1943963067594,-106.732652474849,,,250,"West of Albuquerque New Mexico, AZ, USA",no match: removed from the map
168350,41.5456578,-71.2914388,39.4496,-75.7163,Inf,"Middletown, DE, USA","moved to Middletown, Delaware US"
168400,44.7445159,-68.836982,42.064,-72.4134,Inf,"Hampden, MA, USA","moved to Hampden, Massachusetts US"
168462,43.7207974,-91.9768224,,,Inf,"Lanesboro, MA, USA",no match: removed from the map
168465,44.7445159,-68.836982,42.064,-72.4134,Inf,"Hampden, MA, USA","moved to Hampden, Massachusetts US"
168494,32.3669656,-86.3006485,41.1704,-76.8769,Inf,"Montgomery, PA, USA","moved to Montgomery, Pennsylvania US"
168620,32.7702200000001,-108.27496,,,Inf,"Silver City, WV, USA",no match: removed from the map
168627,41.7571701,-88.3147539,39.7294,-104.8319,Inf,"Aurora, CO, USA","moved to Aurora, Colorado US"
168760,33.9413930000001,-118.045466,,,Inf,"Water, IA, USA",no match: removed from the map
168811,40.9808209,-73.684294,37.944,-104.8855,Inf,"Rye, CO, USA","moved to Rye, CO (ZIP code list)"
168814,40.9808209,-73.684294,37.944,-104.8855,Inf,"Rye, CO, USA","moved to Rye, CO (ZIP code list)"
168818,41.26068,-95.94026,,,500,"Omaha, OK, USA",no match: removed from the map
168826,44.7445159,-68.836982,42.064,-72.4134,Inf,"Hampden, MA, USA","moved to Hampden, Massachusetts US"
170134,35.5283506,-108.743907,,,Inf,"NA, MO, USA",no match: removed from the map
170138,42.5291439,-94.5341421,47.8849,-120.1584,Inf,"Manson, WA, USA","moved to Manson, Washington US"
170471,39.1852184,-78.1652404,42.4523,-71.137,Inf,"Winchester, MA, USA","moved to Winchester, Massachusetts US"
170556,33.53232244,131.35029271,,,Inf,"Unknown, IA, USA",no match: removed from the map
170686,33.9509439,-90.7678781,43.6133,-86.3495,Inf,"Shelby, MI, USA","moved to Shelby, MI (ZIP code list)"
170709,41.5235808,-90.5770967,47.654,-118.15,Inf,"Davenport, WA, USA","moved to Davenport, Washington US"
170820,26.81841,83.1769,,,Inf,"Not sure, NE, USA",no match: removed from the map
170821,38.6779591,-121.1760583,30.6134,-90.2112,Inf,"folsom, LA, USA","moved to Folsom, LA (ZIP code list)"
170905,44.7445159,-68.836982,42.064,-72.4134,Inf,"Hampden, MA, USA","moved to Hampden, Massachusetts US"
170944,37.5638204,-121.1793811,32.0804,-92.1586,Inf,"Grayson, LA, USA","moved to Grayson, LA (ZIP code list)"
170996,37.5638204,-121.1793811,32.0804,-92.1586,Inf,"Grayson, LA, USA","moved to Grayson, LA (ZIP code list)"
171015,39.10344,-94.58311,,,Inf,"Kansas City, RI, USA",no match: removed from the map
171063,41.96425,-78.19071,,,Inf,"Shinglehouse pa, Armenia",no match: removed from the map
171395,39.1014537,-84.5124602,,,500,"NA, MI, USA",no match: removed from the map
171477,41.7571701,-88.3147539,39.7294,-104.8319,Inf,"Aurora, CO, USA","moved to Aurora, Colorado US"
171503,32.3086744,-90.1983063,42.2459,-84.4013,Inf,"Jackson, MI, USA","moved to Jackson, Michigan US"
171697,34.9856,-101.93627,,,Inf,"Outer Benson/ Texas Canyon/ Sibyl, AZ, USA",no match: removed from the map
171717,37.0172493,-98.4853539,39.3472,-104.4644,500,"Kiowa, CO, USA","moved to Kiowa, Colorado US"
171773,33.53232244,131.35029271,,,Inf,"Unknown, PA, USA",no match: removed from the map
171785,36.7291152,-108.205445,37.7809,-90.4218,Inf,"Farmington, MO, USA","moved to Farmington, Missouri US"
171796,40.75839,-82.5154471,42.0334,-71.2189,Inf,"Mansfield, MA, USA","moved to Mansfield, Massachusetts US"
171814,36.7291152,-108.205445,37.7809,-90.4218,Inf,"Farmington, MO, USA","moved to Farmington, Missouri US"
171844,33.0531767,-87.1830524,38.0224,-105.7782,Inf,"Moffat, CO, USA","moved to Moffat, CO (ZIP code list)"
171856,37.7274692,-89.216655,39.4022,-107.2112,Inf,"Carbondale, CO, USA","moved to Carbondale, Colorado US"
171983,24.7404181,-81.0361835,,,Inf,"Russel, MA, USA",no match: removed from the map
172010,41.2097152,-93.8466116,41.9934,-70.0498,Inf,"Truro, MA, USA","moved to Truro, Massachusetts US"
172066,40.61217,-111.79743,,,250,"Coeur dalane, ID, USA",no match: removed from the map
172073,32.308087,-86.8175307683269,32.6949,-93.7418,500,"Benton, LA, USA","moved to Benton, Louisiana US"
172145,31.4215482,-85.3373084,40.1731,-77.3986,Inf,"Newville, PA, USA","moved to Newville, Pennsylvania US"
